offer_count,isRecurrentUser,antiguedadIngresos,offered_rate,numeroPagos,fico,isFraud,took_loan
3,0,7,0.49667842934898077,16,541,0,0
4,1,3,0.316401159571065,19,511,0,1
1,1,14,0.4939382975868376,1,820,1,0
3,1,10,0.475598568834391,5,733,1,1
3,1,16,0.2811254856843667,22,828,0,1
4,0,16,0.17939642984213966,24,630,1,0
1,1,10,0.16595391062605538,4,614,0,1
1,0,13,0.19599574554798302,18,717,0,0
3,0,6,0.384053056225815,16,636,1,1
2,0,12,0.20917999789259514,18,605,1,0
3,0,9,0.23657010784171933,22,678,1,0
3,0,13,0.2795115215978459,2,515,1,1
3,1,4,0.4652930721685825,21,741,0,1
3,1,11,0.17575736715393844,29,833,1,1
4,1,18,0.10201062104392125,26,725,1,1
1,1,11,0.12403856415126807,21,741,1,1
4,0,4,0.4619065366720472,17,640,0,1
4,1,18,0.35900658593734525,16,698,1,1
4,0,1,0.2092162477311227,31,611,1,1
3,1,7,0.17087700040447645,9,626,0,1
2,0,6,0.21770669465484574,31,520,0,0
1,0,15,0.14591877090051206,14,646,0,0
2,1,18,0.4766131641137764,2,588,0,0
4,0,11,0.4136824697461068,14,802,0,1
4,0,15,0.2849564707650163,33,702,1,0
2,1,16,0.4459850420460808,35,584,0,1
2,0,7,0.19978328171729293,20,666,0,0
2,1,10,0.3868482273888775,2,571,0,1
4,1,12,0.44245299960549744,19,797,0,1
4,1,14,0.24270748464930905,18,508,0,1
1,0,5,0.40298577818028714,16,780,0,0
1,0,18,0.21802893970572376,4,757,0,0
4,0,5,0.21954285410361232,12,774,0,1
2,1,3,0.14282287142167444,29,737,1,1
2,0,5,0.2760232186037595,7,519,1,0
1,1,17,0.39188476259896887,14,732,1,1
4,1,19,0.47608832222851405,12,720,0,1
1,0,19,0.34151879677163843,35,825,0,0
1,1,12,0.44525421509429564,5,516,0,0
3,0,9,0.42899785971609083,17,588,1,0
3,0,1,0.16933722119011235,32,695,0,0
3,0,18,0.2943269715650526,10,849,0,1
2,0,4,0.1467694142101566,17,583,0,1
4,0,10,0.37286126462465397,5,586,1,1
4,1,7,0.47995986729843043,9,806,1,1
4,1,1,0.1548357832315026,33,837,0,1
4,1,17,0.39355325232101657,18,653,1,1
3,0,2,0.35289526034714436,9,727,0,1
2,0,11,0.3334420148032399,29,763,0,0
2,0,9,0.25604809387533567,14,722,1,0
3,1,7,0.24205265910152504,25,620,1,1
2,0,17,0.11809967560755515,15,672,1,0
3,1,17,0.1871634833008054,6,503,1,1
4,1,2,0.10607075291473077,29,841,0,1
3,0,6,0.3325668422328082,15,627,0,1
4,0,14,0.14234129435116355,29,609,1,1
4,1,6,0.44920775761188647,4,536,1,1
1,0,2,0.3092572082788661,18,570,0,0
3,1,1,0.3798759636234834,16,788,0,1
1,0,10,0.2643428367361986,11,530,0,0
3,0,5,0.32423192360041947,14,767,0,1
3,1,2,0.47706367078665224,3,510,1,0
1,0,16,0.13309361584946833,18,843,1,0
1,1,2,0.20157510876947848,20,827,1,0
3,0,10,0.4119953307642178,25,531,0,1
2,1,2,0.13949488275306635,13,556,0,1
4,1,16,0.13026444156164435,4,665,1,1
1,0,16,0.24461655950161543,14,687,1,0
4,1,19,0.13686718338897294,33,841,1,1
2,0,7,0.33403137688248125,28,518,0,0
2,0,12,0.19051010032663995,8,615,1,1
2,0,15,0.458279185279749,34,683,0,0
1,1,8,0.41340003233810274,5,769,1,0
2,1,6,0.3798820824397905,5,532,1,0
1,0,10,0.3467776109538008,31,509,1,0
2,0,3,0.4453862921365853,9,579,0,1
4,1,19,0.18922482461710277,32,691,0,1
4,0,17,0.4492435371056911,33,819,0,0
3,0,7,0.41579691936962093,3,689,0,1
4,1,4,0.39926433055507426,30,567,0,1
3,0,14,0.32450227122996966,12,847,0,0
4,1,15,0.19849766438824004,29,624,1,1
1,0,8,0.26941916639675856,3,835,0,1
4,1,15,0.4174282618155206,26,558,1,1
3,0,14,0.11271139374292978,30,596,0,0
3,0,9,0.4128203077055034,9,774,1,1
2,1,8,0.1960282961950266,26,648,1,1
1,0,17,0.15772368028864123,2,777,0,1
4,1,2,0.14628052727212087,3,764,1,1
2,0,3,0.11090000478032605,4,508,0,0
4,1,8,0.3094345940885812,25,782,0,1
4,1,12,0.18730394907749182,13,772,0,1
2,1,1,0.49577270631185266,35,800,0,0
2,1,10,0.3297747023488823,23,507,1,1
2,0,3,0.15515410774240418,9,707,0,1
2,0,6,0.37550501632454614,2,624,1,1
2,1,7,0.4590974266038902,31,622,1,0
4,1,18,0.39807179814784577,2,532,1,1
2,1,11,0.13057594441577908,32,500,0,1
1,0,19,0.4583536724770638,18,703,1,0
3,0,5,0.41757175434398597,13,505,0,1
2,0,19,0.16332156004224574,5,796,1,0
2,0,11,0.12071435549312676,10,504,0,0
4,1,12,0.3229242301257234,25,579,0,1
2,1,10,0.16241432453599078,34,773,0,0
2,1,8,0.43383638103810884,30,676,0,0
2,0,9,0.24333386266866952,7,837,1,0
4,0,4,0.4651569778946302,6,820,1,1
2,0,5,0.32627526885640235,3,838,0,1
3,1,8,0.17306895369586728,13,635,1,0
4,1,9,0.15583954694392005,3,524,0,1
3,0,15,0.3305889750231016,26,824,0,1
4,1,15,0.40475344474497754,24,682,1,1
2,0,16,0.41260225909687287,6,667,0,0
3,0,14,0.21030296177651253,12,837,0,1
4,1,8,0.181698703564867,2,677,0,1
1,0,18,0.10670252179695297,11,594,0,0
2,1,10,0.37167966048046774,34,532,0,0
4,0,6,0.1306273033734156,26,610,1,0
1,1,12,0.26830448070637036,18,645,1,0
4,1,2,0.34067286560731846,21,730,1,1
1,1,7,0.4748435779678708,22,771,0,0
2,0,16,0.22472085478230747,30,835,0,0
3,0,3,0.19990886497860794,30,537,0,0
1,1,13,0.36166406171443943,8,634,0,0
4,1,3,0.3476956128214327,34,833,0,1
2,0,18,0.23284391332324983,9,734,0,0
1,0,11,0.47124073420391466,20,818,1,0
4,0,8,0.4379449309958531,25,844,0,0
4,1,6,0.18959301834603248,19,659,1,1
4,0,1,0.1956570181738093,5,537,0,1
1,0,1,0.30492013875483226,11,649,1,1
1,1,8,0.40942884069228813,15,807,0,0
1,0,5,0.11761615175538576,8,528,1,1
3,0,16,0.3773340614938827,19,643,1,1
1,0,11,0.3592943589528388,23,575,0,0
1,1,5,0.1925920383651953,27,644,0,0
1,1,4,0.37254120529653956,32,728,1,0
3,1,6,0.4760732765008331,26,563,0,1
1,1,14,0.11871433798870741,27,846,0,1
4,1,19,0.227860822116825,19,844,0,1
1,1,9,0.2752706866665421,29,768,1,0
4,1,12,0.4597041435698759,33,827,0,1
4,0,11,0.48490457864366265,19,683,1,1
4,0,14,0.27764609859853295,19,760,1,1
3,1,16,0.4000113648568765,33,767,0,0
3,0,1,0.3126644095057932,16,668,1,1
3,0,13,0.3151131738965506,23,758,0,1
1,1,13,0.21123980602654258,7,726,0,1
4,0,2,0.18678249834555183,26,532,1,1
3,0,4,0.21520213836961646,32,713,1,1
3,0,6,0.32253120290283177,12,549,1,0
1,0,5,0.1116620744088356,8,709,1,0
3,0,3,0.4628995777425623,5,528,1,0
1,1,1,0.1625134838199105,28,538,0,0
2,1,4,0.18803547074855465,5,846,1,1
3,1,2,0.3073104705790586,26,599,0,1
2,0,5,0.3840459065349118,5,672,0,0
1,1,3,0.13829162189775893,22,516,1,0
4,0,9,0.2270778790188649,15,555,1,1
3,0,6,0.4874698422297429,13,725,1,0
1,0,18,0.2049371867123783,28,545,1,1
4,0,6,0.22522005802525877,33,566,1,1
4,1,19,0.43459939624721344,23,696,0,1
2,1,12,0.1200857726761821,33,641,0,0
1,0,11,0.28584526752358835,18,822,0,0
4,1,2,0.25184670578066815,30,522,1,1
3,0,15,0.22663470396346047,26,593,1,0
3,1,12,0.2142798376179058,16,741,0,1
2,1,12,0.1365496419441637,13,736,1,0
4,0,9,0.22593033174065955,33,553,1,1
1,1,2,0.11722096108626744,26,637,1,0
3,0,3,0.41238554545777417,1,832,0,0
4,1,12,0.25929111758320467,2,771,1,1
4,0,16,0.27756153292796465,6,540,0,1
2,0,1,0.4574378345800526,24,597,1,0
3,1,3,0.36322199354448836,18,682,1,1
3,1,2,0.10322364133684792,27,627,0,1
1,0,9,0.47726992918451405,8,728,1,0
3,1,19,0.1948577863910845,28,816,1,1
1,1,15,0.14304567390394354,10,585,1,1
3,0,18,0.40725127135235295,17,755,0,0
2,0,11,0.3001909263466873,29,708,1,1
3,1,16,0.27350822640720707,6,714,1,1
1,0,17,0.19980123187309673,14,599,1,0
1,0,5,0.31898859594492746,22,548,1,0
2,0,12,0.20975384208103498,6,700,1,0
3,1,11,0.46063320211482706,26,757,0,0
3,1,15,0.18608179189327712,12,677,0,1
2,0,3,0.45374206018230145,35,744,1,0
3,1,1,0.3237621702909428,14,622,1,1
3,0,16,0.4313952535580964,22,841,0,0
1,1,2,0.385138398344382,23,670,1,0
3,0,2,0.37867804457469945,7,832,1,1
3,0,3,0.2297383230780223,25,635,1,0
2,1,8,0.1935587725888814,13,558,1,0
2,0,15,0.18435449107231527,21,692,1,0
4,1,7,0.44287666282383553,10,767,1,1
1,1,6,0.428170728103608,9,759,1,0
3,0,9,0.27622941120492295,15,594,1,0
3,0,1,0.15296184539858185,2,624,0,1
4,1,8,0.2529009007909834,25,540,0,1
3,0,3,0.34773738165476453,13,753,1,1
1,0,4,0.28176126179198113,34,506,1,0
4,0,15,0.412075707393198,34,715,1,0
1,0,6,0.4990491289005542,35,568,1,0
4,0,15,0.17645283537955875,3,568,0,1
4,1,3,0.283860327863829,6,580,0,1
2,1,14,0.2723935607683288,19,529,0,1
1,0,14,0.22179701309958033,3,572,0,1
3,0,4,0.17923820668811585,18,761,1,1
3,0,12,0.1262768465958637,9,588,1,0
1,1,17,0.4548477268894794,12,707,1,0
3,0,7,0.2679394790745271,5,712,0,0
3,1,9,0.29875820740001957,3,821,1,1
1,1,3,0.4667768192803664,11,765,1,0
4,1,13,0.41051619100637915,30,792,0,1
1,0,15,0.1522005056468737,4,706,0,0
4,1,18,0.32616798704309696,5,832,0,1
3,0,19,0.2769009106078236,1,576,0,0
3,1,1,0.41888442903150513,27,787,0,1
3,0,6,0.3896930190447797,28,546,1,0
2,1,2,0.3761622887644288,29,609,1,1
4,0,14,0.23621793419195877,18,699,0,1
2,1,6,0.4219854921597018,12,709,1,1
2,0,14,0.1209565182379445,13,653,1,0
1,0,4,0.16384996057286688,2,509,1,0
2,0,8,0.2342493091911647,16,656,1,0
1,0,3,0.13072297642771252,24,760,0,0
1,1,19,0.19399771101387664,35,576,1,0
2,1,14,0.4320603931991672,22,756,1,0
4,0,17,0.4793006151160317,11,630,1,0
4,1,8,0.22184094230967621,29,566,0,1
4,0,14,0.2058063215955353,35,727,1,0
4,0,6,0.21195706089857078,15,662,0,1
4,1,16,0.21108763494033755,31,514,0,1
2,0,19,0.1143720728743892,16,731,0,0
2,0,14,0.4707665385324432,10,694,0,0
3,1,19,0.18547925662813136,32,848,1,1
4,0,3,0.268001629632562,2,529,0,1
2,0,10,0.1038747530963871,24,837,0,0
3,0,19,0.44318203636602294,23,830,0,0
4,0,9,0.39246293778196695,2,815,0,1
1,1,13,0.47870241406948133,31,795,0,1
3,1,7,0.41264619167855965,26,829,1,1
2,1,14,0.2254826048208261,29,719,0,0
1,0,9,0.19914934349136948,3,646,1,0
1,0,19,0.3790865230213172,14,758,1,0
1,1,15,0.24564511000419978,25,791,0,0
3,0,14,0.3264860063010466,1,798,1,0
2,0,6,0.1025029884105881,3,642,1,0
1,0,4,0.1247542806721901,26,734,1,0
4,0,8,0.3141471764726605,18,614,0,1
1,1,17,0.32642865857926606,9,589,0,0
1,1,9,0.4005811777837375,23,707,0,0
3,1,1,0.1527861278495847,21,663,0,1
3,0,14,0.3052732335027115,1,583,0,0
2,1,11,0.17777905777267544,21,576,0,0
4,1,3,0.1372784478250779,27,660,0,1
3,0,9,0.26419831762422186,6,504,1,0
1,0,14,0.1653346592356229,28,577,1,0
2,1,9,0.18871279127692744,17,590,0,0
1,1,4,0.2270218319478007,3,586,1,1
1,1,4,0.2037553602972785,12,769,0,0
3,1,8,0.13503651896237856,12,603,0,1
2,0,2,0.13596649794388094,2,838,0,0
4,1,9,0.17729976609366727,22,674,1,1
4,1,14,0.12022367518381559,23,553,0,1
3,0,9,0.3505828078707709,30,710,0,0
3,1,16,0.2149306866035608,5,594,0,1
2,0,17,0.21189838710762843,9,722,0,0
4,0,16,0.2327993176951061,21,508,1,1
4,0,12,0.3651185096838887,11,552,0,1
4,1,3,0.4482535525933963,5,576,1,1
1,1,11,0.40363477302225537,35,705,1,0
4,0,14,0.39101169209003805,27,815,0,1
1,1,18,0.2937564742403397,2,801,0,0
2,1,5,0.3775222227869647,24,809,1,0
1,0,16,0.3211049472134333,31,829,1,0
2,0,5,0.18650021127461158,33,611,1,1
4,1,3,0.1834353470964203,30,664,1,1
4,0,12,0.21855680275011338,28,778,0,0
2,1,1,0.4643210683879253,31,526,1,1
3,1,9,0.3189659361518904,11,569,1,0
2,1,9,0.39356215080074775,23,717,1,0
3,1,4,0.23862350392661905,2,688,1,0
1,0,3,0.26308630826609014,27,832,0,0
1,0,17,0.15022623145490055,35,805,0,0
1,0,2,0.16851798312866817,2,623,0,0
4,0,1,0.4309426219304583,21,518,1,1
1,1,8,0.3339354526755528,5,756,1,0
3,1,13,0.23501298635352758,21,795,0,1
1,0,15,0.42114048359821843,29,521,0,0
2,1,8,0.1986079622551932,20,539,1,1
2,1,12,0.4904130794400815,20,537,0,0
4,1,12,0.2379270430984679,25,547,1,1
2,0,14,0.23492438166049104,2,682,1,0
3,0,15,0.2247647622146821,32,574,1,0
1,0,15,0.1488446063697152,26,708,1,0
4,1,9,0.14445485893280496,6,682,1,1
1,0,19,0.3592420138136494,3,606,1,0
1,0,8,0.45004721782321877,33,687,0,0
3,0,19,0.41620820410866943,1,763,0,0
2,0,6,0.15644303760854045,5,585,0,0
2,0,19,0.31823284871682656,13,823,1,0
1,0,4,0.14223661839065602,19,830,0,0
4,1,7,0.11811785744523098,12,636,1,1
2,1,4,0.36255434375390694,25,845,1,0
4,0,12,0.31406093347214015,35,835,1,0
2,0,13,0.13280947408458835,12,594,1,0
4,1,3,0.11397569856239538,30,825,0,1
3,1,12,0.4959025653637339,5,744,0,1
4,0,2,0.11200853285962875,34,589,0,0
3,0,2,0.27781130122006387,22,558,1,0
3,0,9,0.30184760984307824,13,527,0,1
4,0,1,0.14691205912017802,3,571,0,1
3,1,8,0.16762471137588653,20,769,0,1
1,0,6,0.240722002564141,31,523,1,0
3,0,6,0.40467035048546507,5,611,0,1
2,0,18,0.30283296962410666,24,799,1,0
4,0,17,0.3551607498211846,33,555,0,0
1,1,12,0.4940698220362699,8,722,1,1
4,1,6,0.4072021741252839,24,619,0,1
2,1,8,0.2737445992564871,20,678,0,1
2,0,19,0.27857676871861947,16,787,0,0
2,0,10,0.34750883081640205,12,780,1,0
3,1,1,0.3661460833675617,13,688,0,0
3,0,13,0.30028437033466854,25,565,0,0
4,0,17,0.35794448912599197,32,797,1,1
4,1,3,0.10941299776563951,24,748,1,1
1,1,8,0.2718491455587376,9,575,1,1
1,1,14,0.21157523042939072,23,636,1,1
4,1,3,0.15166977809724416,13,663,0,1
3,0,16,0.13981860512351008,32,732,0,1
2,0,13,0.341276866245867,15,754,1,0
4,1,17,0.30944021886104467,5,793,0,1
1,0,13,0.2014336467985477,22,669,1,1
3,1,6,0.2883800235090058,16,816,0,1
4,1,17,0.29689292607296336,10,673,1,1
4,0,14,0.17800359217544634,24,844,0,1
3,1,17,0.3608372247526602,18,517,1,1
4,0,8,0.4123677425544362,18,569,1,1
3,0,11,0.4165854163558076,7,837,0,0
2,0,1,0.340987932281382,4,615,0,1
3,0,7,0.30465543300760567,26,579,0,0
3,1,17,0.12440285720215796,5,514,1,1
3,0,10,0.21513251954064236,16,675,0,0
4,1,11,0.13730857871126798,35,768,1,1
4,1,9,0.48552926435138943,26,618,0,1
3,1,9,0.1540320584903043,18,798,0,1
4,1,5,0.16071016394044083,29,687,1,1
1,0,17,0.4558306473321969,23,556,1,0
1,0,9,0.4775713133905831,14,698,0,0
4,1,17,0.4063316156939639,15,516,1,1
4,1,19,0.10216196946906796,33,787,1,1
3,0,7,0.10053850838262549,25,554,0,1
2,1,9,0.2512403079149803,21,768,1,1
4,0,7,0.15735814800435702,17,802,0,1
1,1,13,0.10735445686063892,23,586,0,1
3,0,11,0.2856266757618019,17,817,1,1
4,1,14,0.4772247589627886,14,528,0,1
1,1,19,0.22952782996097257,29,521,1,0
1,0,11,0.3644562713714786,20,820,0,0
2,1,13,0.36089414125297636,30,784,1,1
3,1,14,0.2004320414660671,19,547,1,1
3,0,13,0.3601700995295457,13,504,1,0
2,1,1,0.1849335897147565,18,749,1,1
2,0,8,0.14880296543075563,23,662,1,0
3,0,12,0.38055331422387606,33,701,0,0
3,1,19,0.1453763268415667,18,600,0,1
4,1,12,0.4987636874357422,9,570,1,1
4,1,8,0.17338096046009172,33,662,0,1
2,1,8,0.33765674510258303,32,672,1,1
4,1,13,0.2645498285650357,17,640,1,1
1,1,12,0.15055456896226685,19,637,0,1
4,1,16,0.11113756303096536,27,565,0,1
4,0,1,0.3490929129171333,6,697,1,0
1,1,13,0.4227030255156504,35,827,1,0
2,0,7,0.43680626460269767,34,727,1,0
1,1,5,0.29308538923077376,20,780,1,0
4,1,8,0.4109821868729543,25,671,1,1
2,0,14,0.36913885339541797,4,815,1,0
4,1,13,0.3897018109996533,10,539,0,1
1,1,15,0.29703960208872565,10,506,1,1
1,0,17,0.35336469609685084,24,673,1,0
4,1,15,0.4222103654304228,21,650,0,1
3,1,18,0.2591536702228092,11,710,1,1
3,1,18,0.4223915603470335,27,801,1,1
1,0,2,0.33680673711562514,16,585,0,0
1,1,4,0.1663604097483145,26,752,1,0
3,1,1,0.10987366288983386,30,520,0,1
3,1,4,0.24510144015966084,16,756,1,1
4,1,18,0.31867853131853596,7,532,0,1
4,0,5,0.4359281408813954,16,759,0,1
3,0,19,0.1509942720560985,35,733,0,1
4,1,15,0.4200825390734316,16,502,1,1
4,1,8,0.4452036184268908,12,846,1,1
2,0,17,0.16027499480033353,35,807,0,0
4,0,1,0.44063772772168763,21,726,0,1
1,1,12,0.49658142713711684,17,783,1,0
4,0,19,0.39073553241929504,32,569,1,1
4,1,15,0.4139078727299952,6,812,1,1
3,0,9,0.4977661070235494,24,753,1,0
1,0,7,0.34219250021037817,27,643,1,0
4,0,2,0.22315455280649976,20,523,0,1
4,0,9,0.43501233363042224,25,733,1,0
2,1,10,0.3457943110046525,2,832,0,0
4,0,2,0.3324781694883826,9,674,1,0
4,0,19,0.20145422220561532,28,831,0,1
2,1,11,0.4025337078331547,3,824,0,0
3,0,13,0.13266691034403852,20,658,1,0
4,0,10,0.4697148283178645,6,847,0,0
2,1,14,0.2303293843081939,33,847,0,1
1,0,18,0.1511098611159962,1,785,0,0
3,1,19,0.27694661324096753,6,517,0,1
1,1,9,0.11698796370261327,34,543,1,1
1,1,7,0.37385047770598656,15,654,0,0
2,1,3,0.4610822041781425,26,730,1,0
4,0,6,0.43490520285540357,14,815,0,1
2,1,2,0.15094778937915243,7,724,1,0
2,0,6,0.15050845484309275,31,716,1,0
2,0,3,0.4253737929297057,24,555,1,0
2,0,16,0.4697017098412464,31,530,0,0
3,0,8,0.28426793193339567,29,558,1,1
4,0,2,0.2995884467655064,32,734,1,1
1,0,17,0.22730481655429036,17,606,0,0
1,0,9,0.4577060473025656,14,690,1,0
4,0,12,0.3579611621169424,24,517,0,0
1,0,3,0.2153006308669474,27,725,0,1
4,0,11,0.21951314842170067,25,666,1,1
1,1,1,0.45648002922544095,32,570,0,0
2,1,13,0.10545360956232859,18,553,0,0
1,1,15,0.22909062909065536,18,744,0,0
4,0,5,0.32174267248654764,26,849,1,1
4,1,17,0.15928698483972986,9,575,0,1
4,1,6,0.13683950167983594,35,534,0,1
4,1,11,0.426110532436224,8,766,0,1
4,0,18,0.4577617554594029,20,816,1,1
3,0,4,0.42944256831927585,22,799,0,1
3,0,3,0.4595151558949391,19,620,1,0
1,0,13,0.3212447884233486,30,823,0,0
4,1,9,0.4249032483961368,28,524,1,1
1,1,6,0.2536170553564402,35,659,1,1
4,1,12,0.3665071445916154,11,583,1,1
4,1,2,0.49553421255566577,31,613,0,0
3,0,3,0.190291089535651,30,722,0,0
3,0,3,0.25595989851643225,23,665,0,1
2,0,12,0.2920189509240343,19,690,1,1
3,1,15,0.1552061948080207,12,674,0,1
2,0,9,0.13241544418602272,15,500,0,0
2,0,8,0.43188914652864974,31,728,1,0
2,1,11,0.4907177491310345,15,585,0,0
2,1,16,0.26189002553186347,29,561,0,1
2,0,4,0.13505993447786133,26,819,1,0
1,0,1,0.1263247042762306,2,705,1,0
3,0,7,0.45652728254411945,20,604,0,0
2,0,2,0.285525699891072,15,817,1,1
4,0,5,0.22801092662495678,4,790,0,1
3,0,7,0.2905845084957598,22,749,0,1
3,1,4,0.22732163787693893,23,512,0,1
2,1,5,0.295614310123048,26,662,0,1
1,1,1,0.4438225587671748,11,542,0,0
2,0,1,0.3369205484248383,28,610,1,0
1,1,15,0.3778615091240701,2,704,1,1
4,0,19,0.24586827049373464,8,755,0,1
3,0,10,0.39540235140420754,29,806,1,0
4,1,18,0.3666468339517489,11,643,1,1
1,0,3,0.14782479910082258,18,645,0,0
1,0,11,0.32905714124623386,14,800,1,1
4,1,15,0.20269739852390323,10,663,1,1
1,1,11,0.42163826785343717,35,668,0,0
4,1,17,0.2703750833867758,9,797,0,1
3,0,17,0.49787366607859485,35,732,0,0
4,1,6,0.13700017517558552,11,770,0,1
3,1,5,0.4121391450960634,12,559,0,1
4,0,8,0.3694806934168626,3,795,0,1
1,1,2,0.40699953223628216,14,734,0,1
4,1,16,0.22301191819618255,28,664,1,1
1,1,12,0.29682179575296025,11,693,0,1
4,0,6,0.41860340788948336,25,733,1,1
4,0,1,0.193016532648342,21,682,1,0
2,0,4,0.19041327871546085,10,832,0,1
1,0,17,0.32042038131797296,15,731,1,0
2,1,13,0.3094254318119423,19,606,1,0
1,0,18,0.21290498816517314,22,722,1,0
2,0,5,0.2192302602099291,21,579,0,1
3,1,3,0.2111380652826262,32,733,1,1
4,1,11,0.4086048247993951,23,683,1,1
1,1,13,0.3607603462249843,13,684,0,1
1,0,4,0.4329668733641011,5,633,1,1
4,0,14,0.4901892113256088,4,719,1,0
1,0,11,0.2896657185087946,28,787,1,0
1,1,10,0.12667755256217955,14,701,1,0
2,1,19,0.11923692416481418,8,645,1,1
1,0,18,0.21826601570864768,9,823,0,0
3,1,6,0.47301783574098033,35,626,1,0
3,1,15,0.30928522198834996,21,634,0,0
4,1,10,0.20871460643205167,18,613,1,1
1,0,5,0.25966671780440786,33,763,0,0
4,1,5,0.3394380429618683,8,563,0,1
3,1,10,0.36117986325513696,17,634,0,1
1,0,5,0.16156780391316203,31,540,1,1
1,0,3,0.49081267061807043,34,795,1,0
4,1,6,0.3179088907931156,6,502,1,1
3,1,4,0.15427532711691172,22,693,1,0
1,0,18,0.45745410133845354,14,609,1,0
4,0,9,0.12985537243177153,3,720,0,1
3,1,17,0.4630941732710051,12,503,0,0
4,1,13,0.49862626251559294,12,743,0,1
2,1,15,0.3801727196626016,2,665,1,1
1,1,17,0.40817888842959593,2,525,1,1
2,0,13,0.23492113458699457,15,516,0,0
3,1,16,0.4766307410935735,23,715,1,1
2,1,4,0.3118855864433471,29,591,1,1
2,0,5,0.39295537863902197,17,530,0,0
3,1,5,0.4696430863645118,32,704,0,1
4,0,9,0.4900719903902033,7,706,1,0
2,1,17,0.4332817426386698,30,606,1,1
4,1,13,0.22120700279281202,28,645,0,1
2,0,2,0.486619006620833,14,600,1,0
4,0,13,0.35124781249742876,30,817,0,1
3,1,19,0.47225699054078396,17,740,0,1
2,1,3,0.37044201032574076,32,746,0,0
3,1,10,0.22289558473908822,6,662,1,1
2,0,2,0.24800980965712638,24,672,0,0
3,1,13,0.32018871084117617,6,534,0,0
3,0,19,0.4160059366239528,27,783,1,1
2,0,17,0.227193020536134,18,520,0,0
2,1,14,0.33189246645367687,24,807,1,0
2,0,12,0.23824999743056063,24,662,1,0
1,1,12,0.42630776185404284,34,596,1,1
4,1,11,0.2866912375071802,15,806,0,1
1,1,7,0.1306891307411541,11,838,0,0
1,1,4,0.16642100859261455,22,554,1,1
3,1,19,0.12444186704785293,24,832,1,0
2,0,1,0.2997211784057301,1,626,1,0
4,0,3,0.14253491893929088,18,692,0,1
3,1,13,0.14565598772385285,12,742,1,1
1,1,15,0.4764193040153508,28,848,1,1
2,0,2,0.44906202887042224,7,587,1,1
3,0,11,0.2808346387245464,23,835,0,1
2,0,4,0.4943221283400824,21,714,1,0
3,0,19,0.10007461126826525,34,591,0,0
2,1,17,0.3455917825093575,11,802,0,1
1,1,3,0.34657127094874807,22,734,1,0
4,0,18,0.2829772223479553,35,683,1,1
1,1,8,0.2587791891737171,29,537,1,0
4,0,19,0.282153254192243,28,638,0,1
2,1,5,0.26598417443187217,18,694,0,0
3,0,7,0.3921969909929198,14,514,0,1
1,1,8,0.15414217398931362,18,756,1,0
4,0,5,0.17905568823645207,28,634,0,1
1,0,17,0.17220729135696944,24,500,1,0
4,1,5,0.20498823404850583,8,548,1,1
1,0,4,0.31010336751263334,8,595,1,0
4,1,19,0.1444834989352875,4,700,0,1
4,1,2,0.4472677181306016,27,525,0,1
2,0,11,0.21894461252338893,5,842,0,0
4,1,13,0.16501519498748313,33,734,1,1
2,1,15,0.3702485238392973,34,848,0,0
4,1,12,0.11523452023972772,30,743,0,1
3,1,11,0.3479874259496657,8,826,1,1
3,1,7,0.37927937227059993,26,550,1,1
3,0,5,0.1859666125546877,34,580,0,0
4,1,17,0.11678562937745372,7,535,1,1
2,1,9,0.24545814356777984,28,566,0,1
2,1,14,0.1394376920967746,28,628,1,0
4,1,12,0.14659113986933484,14,654,1,0
3,1,6,0.20170449257794584,4,744,0,1
3,0,17,0.21818716985070374,18,610,1,1
2,1,19,0.31198813640856826,25,667,1,0
3,0,19,0.3713567542012053,7,641,1,0
1,0,16,0.3371083763480739,28,696,0,0
2,0,12,0.15934413491580673,5,608,1,0
3,0,12,0.16883441298105056,3,578,1,1
2,1,6,0.4515076999171658,31,660,0,0
1,0,4,0.32334092602564546,20,518,0,1
2,0,6,0.44797513315907567,19,626,1,0
2,1,11,0.24861860452794976,11,704,1,0
2,1,1,0.3457600029725295,3,528,1,0
2,1,15,0.3094653664218443,23,706,0,0
1,0,11,0.22764939592818503,7,779,1,0
4,1,19,0.2879661488134382,23,650,0,1
2,1,18,0.3009963507307728,7,739,0,1
2,0,17,0.18030838990267145,34,765,1,1
3,1,19,0.22600414895069265,19,681,1,1
2,1,14,0.4165639002027902,9,604,0,1
3,1,18,0.4663152957816509,18,735,1,0
4,1,19,0.24391763741811978,25,672,1,1
1,0,15,0.22278891288360728,14,657,0,0
1,1,15,0.178078865828753,25,671,1,1
4,1,4,0.37139646746023247,19,810,0,1
1,0,7,0.22923988066653492,15,656,1,0
4,1,13,0.4950998156396754,16,757,0,0
4,0,3,0.2302739208255813,27,663,0,1
4,1,16,0.2576544187130513,10,646,1,1
1,0,9,0.3413336784848139,4,653,0,0
3,0,8,0.42067371727652203,19,537,0,0
4,0,13,0.2878074661382535,28,630,1,0
2,0,17,0.26906241351558335,21,754,1,0
1,1,17,0.4982551334379234,14,707,1,0
4,0,17,0.10419745645597778,33,594,0,1
4,1,1,0.4580261155404983,10,847,0,1
2,0,8,0.159656330375895,19,826,0,0
3,0,19,0.4143701104835654,30,670,1,0
3,0,6,0.3471726239385192,22,749,0,1
3,1,3,0.23673891419923684,3,689,0,1
4,0,5,0.44954998220840736,18,698,1,0
4,1,13,0.1051628911923968,11,720,0,1
4,1,15,0.19067626082996947,2,523,1,1
1,1,14,0.3267571184998144,12,743,1,0
2,1,16,0.24061690401987923,6,823,1,1
4,1,18,0.3441509981273311,29,627,0,1
2,1,11,0.10964407736346674,30,592,0,1
2,1,3,0.14658357219268503,2,799,0,0
3,1,10,0.1508384960873757,9,632,1,1
1,1,10,0.17571345836640379,2,554,1,1
4,0,16,0.2837325763202171,29,657,1,1
3,0,12,0.4008514798174285,33,528,0,0
3,0,2,0.46221553517156044,10,710,0,1
4,0,9,0.4341490121136985,34,653,0,0
2,0,3,0.17875514871027343,8,792,0,0
3,1,15,0.276460220892253,33,721,0,1
2,1,3,0.179764639103414,6,614,1,1
1,1,19,0.2057887266668763,19,657,0,0
2,1,18,0.30141879260475446,32,758,1,1
1,1,8,0.12724360988940903,27,750,1,0
2,1,17,0.1872697318373093,1,621,0,1
3,1,8,0.47415126452284695,33,798,1,0
3,0,7,0.28644651706339563,32,762,0,1
1,0,7,0.27815461039114886,5,548,0,0
4,0,3,0.10582686190051156,17,828,1,1
1,0,1,0.1989598988233383,8,796,0,1
1,1,4,0.4465169743928725,34,576,0,0
2,1,5,0.1658513713034675,9,626,1,1
2,1,1,0.26604997581388845,23,696,1,0
1,0,15,0.1057323623468005,35,720,1,0
3,1,5,0.29133419266822236,7,590,1,1
2,1,13,0.10840844269048687,15,507,1,1
4,1,8,0.4278438212263199,20,531,1,0
2,0,8,0.42994150699484146,25,819,0,0
2,1,5,0.41509687532094797,3,768,0,1
4,0,9,0.2133456275564473,24,690,0,0
1,0,1,0.43489488728872727,34,848,1,1
4,0,4,0.3171992530421077,22,662,0,0
1,0,3,0.249523243546801,11,560,1,0
1,1,2,0.3501319838816932,8,763,0,1
1,0,8,0.10493641842414961,35,784,1,0
4,0,9,0.15718435104030087,8,594,0,1
1,1,2,0.3969174152681051,27,540,1,0
3,1,14,0.1976646434864612,28,648,1,1
4,0,14,0.33920364693149985,34,703,1,1
3,1,4,0.2540410411292119,32,766,1,1
1,0,6,0.4419223115197046,15,501,0,0
2,0,11,0.48096612239865744,17,677,0,1
1,0,3,0.4534258913480762,33,693,1,0
3,0,8,0.20824799787743867,16,835,1,0
3,1,3,0.1776651476184329,29,695,1,1
4,0,14,0.28977395744829404,9,842,0,0
2,1,13,0.10293366033447211,33,748,1,0
4,1,13,0.1103237571452727,29,711,1,1
3,1,2,0.32131625584920004,13,652,0,1
1,1,13,0.3081797616661144,21,657,1,0
2,0,19,0.497832795614104,21,638,1,0
1,1,6,0.18073673414550326,5,720,0,0
1,0,16,0.20324157166418738,10,772,1,0
2,1,2,0.1454162569305147,6,653,1,1
4,1,8,0.4670172038614979,13,748,0,1
1,0,17,0.41112449778338034,1,778,1,1
3,0,2,0.42893564458273903,20,803,0,1
1,0,10,0.46110551518580356,8,775,1,0
2,1,16,0.3099599946903353,10,501,1,1
2,1,6,0.2804772765802895,9,587,1,1
2,0,2,0.23215658946624662,3,786,1,1
4,0,2,0.3356858457391422,11,629,1,1
1,0,13,0.281711358715929,12,577,0,0
4,0,15,0.28062623464223,10,759,1,0
4,1,2,0.4747711454924556,25,740,1,1
2,0,7,0.4936126057116521,25,640,0,0
2,0,3,0.41859375573183233,11,727,0,0
4,0,8,0.40270323609877134,26,662,1,1
1,0,14,0.3722232647116406,14,735,0,0
3,1,7,0.1664299409334055,1,627,1,1
4,0,7,0.12364232835026182,4,699,0,1
1,1,1,0.3762905260453052,30,530,0,0
2,0,17,0.3915144889026304,12,637,1,0
2,0,9,0.11878919643925592,35,520,0,0
1,1,13,0.47122070009153927,13,733,1,0
3,0,19,0.13645625577787102,31,701,0,0
2,1,19,0.21436021350848097,23,778,0,0
2,1,17,0.36895592511948183,4,630,0,1
2,0,10,0.16794903776179054,16,647,1,0
1,1,10,0.12216635537689778,7,528,1,1
4,1,4,0.23245859566565993,22,807,0,1
2,1,8,0.4063886299420717,29,661,1,1
4,1,18,0.2654714715941041,11,839,1,1
3,1,14,0.36118916876317575,33,560,1,1
2,1,18,0.3318476388912547,29,624,0,0
2,1,14,0.10888739281023217,12,570,1,0
3,1,15,0.4954159948182827,7,825,0,1
2,0,4,0.11657123552775511,26,742,0,0
4,0,13,0.48712109505939405,9,748,0,1
1,1,8,0.31994567134575924,34,720,0,0
4,0,18,0.48526361082602665,13,520,0,0
1,1,12,0.14590143976553419,25,581,1,1
1,1,14,0.2961634076742053,24,843,1,0
4,0,2,0.16780163674642345,17,509,0,0
4,1,18,0.12038995080897696,2,511,1,1
4,1,2,0.3470116460249246,13,762,1,1
4,1,11,0.1831133683846766,31,644,1,1
3,1,9,0.3350788073150184,29,691,1,1
2,0,12,0.14494579277959427,28,749,1,0
1,1,17,0.2327945885730811,27,613,1,1
4,1,15,0.41265302322129893,15,525,1,1
4,1,17,0.2748206087368751,31,770,0,1
4,0,18,0.3510981659589346,15,532,0,1
3,1,6,0.3589831762982184,33,561,0,0
4,0,17,0.43750201759491747,20,728,1,1
4,0,18,0.22996911776265652,12,802,1,1
4,1,8,0.3749182250330071,9,594,0,1
2,1,9,0.4846463228184663,23,534,1,0
3,0,6,0.39209733374314726,8,692,1,0
4,1,5,0.2959481906870978,32,575,0,1
1,0,12,0.35228697779677176,14,748,0,1
1,0,11,0.39587315910524323,27,582,0,0
1,1,1,0.344910306277549,25,524,1,0
3,1,11,0.10667032539593567,13,556,1,1
3,0,19,0.17790939907489034,21,531,1,0
1,0,9,0.42418728688618645,31,818,0,0
4,0,2,0.20906025892499389,5,511,0,1
3,0,12,0.3926248478244536,13,818,1,0
1,1,4,0.2488480860966795,28,832,0,1
1,1,4,0.3087537312631773,25,591,0,0
4,1,18,0.1271893199277615,35,500,1,1
2,1,15,0.17249022441988382,7,825,0,1
3,1,19,0.4828787854076938,32,635,0,1
4,0,13,0.45605522137876564,3,695,0,1
1,1,19,0.36091004435962015,22,632,1,0
1,1,17,0.28385783895429495,8,585,1,1
4,1,6,0.37030451715808954,17,794,0,1
3,1,16,0.3474441156375756,27,778,1,1
2,1,12,0.32742090224184484,33,823,1,0
2,0,19,0.12367082874541674,17,679,1,0
1,0,5,0.3531210442646028,12,503,0,0
3,0,17,0.4075680178284674,27,625,1,0
2,1,1,0.4976326618582302,8,674,0,0
3,0,10,0.10443142103772388,23,750,0,1
3,0,15,0.3920693813242707,29,520,1,0
1,1,11,0.32871572637439217,20,604,0,1
2,1,13,0.2736208704323827,16,565,1,1
4,1,5,0.15102806982854836,17,762,1,1
1,0,1,0.26363405945395046,16,548,0,0
2,0,12,0.24175087319445412,19,515,0,1
2,1,11,0.2211319555914969,8,644,1,1
2,1,17,0.3923518493288831,29,839,1,0
2,0,4,0.38029020851370554,26,749,1,0
2,0,15,0.33560803639236464,31,842,1,1
3,1,9,0.4754659253173489,12,574,0,1
1,1,19,0.2399417536723418,17,789,0,1
3,0,19,0.19752077508407184,15,781,0,0
4,1,12,0.3623613252393598,9,565,1,0
2,0,5,0.1795256243749612,12,624,0,1
1,0,10,0.22600420287336986,32,818,0,0
2,0,17,0.18984097602995395,25,586,0,0
1,0,5,0.1276614270874005,18,540,0,1
3,1,16,0.4309994966542694,15,685,1,0
1,1,7,0.2018162171686645,32,834,0,0
4,0,9,0.2892110013372083,6,765,0,1
4,0,3,0.11732610930172478,35,770,0,0
1,0,15,0.3797357865010572,34,541,0,0
1,0,16,0.23222440092251634,5,592,1,0
1,0,18,0.39789469113168396,18,684,1,0
1,1,14,0.26496122418714646,16,714,0,0
4,1,3,0.17830224256224986,8,516,1,1
2,1,12,0.3052700329128144,25,764,1,0
1,1,9,0.15220182385497594,32,613,1,0
1,0,7,0.27621566394919794,26,791,1,0
4,0,9,0.22692219096819463,22,791,0,1
4,0,13,0.4647838336798533,31,547,1,0
3,0,18,0.12437148868828798,10,806,1,1
1,0,5,0.3776069656422968,12,596,0,0
3,1,13,0.17310046639497437,28,594,0,1
4,0,4,0.22761802973289594,6,825,0,1
4,1,2,0.2662056252248264,20,573,0,1
2,1,16,0.46320603574998975,5,835,1,0
1,1,9,0.19703130642953007,23,567,0,1
3,1,9,0.1365235210178681,9,745,1,0
4,0,6,0.22747584159620945,29,576,1,1
4,1,11,0.14187038821421336,16,707,0,1
3,1,1,0.15143859438422103,22,753,0,1
2,1,4,0.3295402391900107,8,720,1,1
4,0,13,0.12436077323979733,20,761,1,1
1,0,13,0.11237235255742642,14,830,0,1
4,0,13,0.3857656405881992,34,843,0,1
1,1,2,0.24465883793641782,11,758,0,0
3,1,9,0.15015013969354932,33,807,1,0
1,0,8,0.2014451083438833,31,573,1,0
3,1,7,0.3568346029409596,34,624,0,1
1,0,4,0.2102146268563405,7,687,1,0
3,0,18,0.29780845004816314,23,753,0,0
1,1,3,0.14867812269066893,7,820,1,0
2,1,6,0.33523745504217883,25,807,1,1
1,1,12,0.22643107353730563,3,734,0,1
1,1,12,0.3507873738114866,20,749,0,1
2,0,8,0.42335795292160916,34,831,0,0
4,0,1,0.344658567755997,30,844,1,1
4,0,4,0.21829902503800827,17,571,1,0
1,0,11,0.20229748061932018,10,734,0,0
2,0,3,0.23096838349337923,35,823,1,1
1,1,13,0.16584820529460192,20,655,0,1
3,0,17,0.17246874034000803,18,614,1,1
3,0,10,0.4162764407600672,27,812,0,0
1,0,12,0.25389303060297796,23,727,1,0
4,1,15,0.2743980722282343,32,821,1,1
4,1,10,0.3376197862267245,10,845,1,1
1,1,14,0.3358613980606191,11,744,1,0
1,1,13,0.12695074860877031,6,805,0,0
3,0,5,0.4326163145350662,34,513,1,1
4,0,6,0.17093062128957576,17,515,0,1
1,1,2,0.38922865441986754,12,541,0,1
3,1,17,0.4090683952512667,21,609,0,1
4,0,4,0.38595981363652554,19,777,0,0
2,0,14,0.33159105862165805,3,823,1,0
3,1,10,0.10584359884355315,18,518,0,1
4,1,3,0.2441501969452683,19,565,1,1
4,1,3,0.3419357717450325,6,666,1,1
3,1,15,0.2549805183690155,16,572,1,1
2,0,6,0.4453919579651252,8,809,1,1
3,0,17,0.22352091013984615,18,611,0,1
4,0,12,0.21741391698346418,12,773,1,0
1,1,11,0.2063990772370632,10,584,0,1
1,1,4,0.2331123475843182,7,638,1,0
3,0,6,0.3229619857256749,1,538,1,1
4,0,1,0.3828061177090364,21,604,0,0
1,0,16,0.3650271670955141,24,823,1,0
4,0,15,0.42308712799259185,25,780,1,1
3,1,17,0.45436559819896993,7,622,1,1
1,0,8,0.42643161693734055,17,717,1,0
4,0,12,0.10757816134974184,29,560,1,1
1,0,10,0.3943671814207955,30,599,0,0
3,0,15,0.18335982944733265,7,806,1,0
4,0,9,0.15317121708319306,33,703,1,0
1,0,2,0.3553955139196542,7,757,0,0
3,0,5,0.22789727816307798,24,504,1,0
1,1,6,0.1228468653481773,11,696,0,1
1,1,7,0.15505189375934456,9,679,1,0
2,1,1,0.10037176674798443,12,841,1,1
2,1,7,0.461289450937883,35,632,0,1
3,0,12,0.10984719353649544,4,823,1,1
2,1,16,0.18378230780380445,28,752,1,1
3,1,16,0.26650511227516294,13,764,0,1
2,0,11,0.24262853038032764,23,592,0,0
1,0,4,0.46469035076511034,19,649,1,0
3,1,13,0.11611557829381686,24,637,0,1
3,1,7,0.30488588307082065,16,707,1,1
1,0,4,0.3721917850097496,33,624,0,0
3,1,15,0.47267918947246756,12,733,1,0
3,0,19,0.34814850084948845,34,560,0,1
2,0,9,0.4215020944047051,7,806,0,0
3,0,11,0.13348997513813937,11,765,0,0
4,0,8,0.2543758043747709,31,633,0,1
1,1,1,0.249578853791627,29,817,0,0
2,0,8,0.4545152865822871,13,612,0,1
2,0,13,0.16054846850531,31,690,0,0
4,1,4,0.16075446893465212,2,686,0,1
1,0,8,0.2314232599543194,15,818,0,0
1,1,3,0.12178641894673503,11,588,1,0
2,1,9,0.17298321626099603,34,686,0,0
3,1,2,0.48608385541829413,4,806,1,0
2,0,2,0.2712735759468692,11,631,0,0
1,1,13,0.3528076833689746,29,622,1,0
4,1,15,0.3904445037378548,2,547,1,1
2,0,12,0.2467845628028802,16,787,0,0
1,1,4,0.1588908297642068,13,678,0,0
2,1,8,0.18263240648871235,17,679,1,0
3,1,9,0.22530659063224415,21,598,1,1
2,1,5,0.35442736814089026,19,829,0,0
2,1,18,0.2593122196356218,7,533,0,1
1,0,11,0.10272587916005126,8,569,0,0
1,1,15,0.30936287402698875,13,670,1,0
1,1,9,0.4686053567629672,2,771,0,1
2,0,17,0.42483104440347164,11,558,0,1
3,0,12,0.43008454850385247,24,680,0,1
4,0,7,0.41802320704245244,6,518,0,1
4,1,10,0.22949233024416948,26,725,0,0
1,0,10,0.4060775335017568,7,594,1,1
1,1,13,0.1572645431244772,19,796,1,1
2,1,19,0.3630864589103814,6,580,0,1
4,0,11,0.3566274266739978,29,674,0,0
1,0,13,0.11022791963589387,2,721,1,0
3,1,8,0.41518805343637266,19,602,0,1
3,0,8,0.4612992420380523,4,553,1,0
1,1,4,0.20696611138884308,6,682,0,1
1,0,15,0.4249562896744604,28,817,1,0
4,0,11,0.13296238874477928,30,848,1,1
4,0,11,0.3399871433044264,7,820,0,1
2,1,1,0.29425874613371084,9,567,1,1
4,0,17,0.3183694133236,25,527,0,0
3,1,15,0.4704820807537381,33,773,1,1
3,1,6,0.4485260988987414,1,781,0,1
1,1,15,0.4140334628959028,6,810,0,0
4,1,9,0.2094793830713484,18,618,0,1
2,0,14,0.4647274514744367,10,633,1,1
3,1,18,0.13900307698555012,28,628,0,1
3,1,17,0.4413316866235152,11,507,0,1
2,0,18,0.23126402894144313,33,550,0,0
2,1,5,0.12150892466479335,1,840,1,1
3,0,9,0.36774279369629936,13,780,0,1
3,1,11,0.1925119713263822,20,674,1,1
2,0,1,0.19742845034585277,1,682,1,0
3,1,18,0.2224188664915086,3,691,1,1
1,0,6,0.1254739070010067,18,748,0,0
1,1,2,0.17085085767930164,14,734,0,1
2,1,15,0.10205585103422413,31,582,1,1
4,0,14,0.2781638084423147,27,592,0,0
2,0,5,0.13370215096718852,17,811,0,0
2,0,6,0.37306104201767964,29,767,1,0
4,0,6,0.19424914047665937,26,619,1,1
4,1,18,0.47742965761407086,17,570,0,1
4,1,14,0.448500650959461,22,516,1,1
1,0,10,0.2157763579872833,25,752,0,0
3,1,14,0.4132861818626715,2,621,1,1
1,0,13,0.4212979618659225,22,509,0,0
3,0,3,0.49462524564576416,5,786,0,0
1,1,6,0.339135994738274,4,815,1,1
3,1,8,0.13278629385746488,6,825,0,1
1,1,12,0.3587348915705524,21,772,0,0
4,1,13,0.3499918993504141,13,805,1,1
2,1,11,0.3553402309681727,25,792,0,1
1,1,12,0.22285825924168462,26,709,0,0
3,1,1,0.44387183403213315,20,717,0,0
4,0,17,0.4837888731821648,33,740,1,1
1,0,16,0.18708500519126062,14,699,1,0
1,0,11,0.1352608632546578,17,715,1,0
4,0,13,0.17781401326739366,21,704,1,1
1,0,18,0.4282208557022875,16,715,1,0
2,1,11,0.37065785392793904,16,579,0,1
1,0,12,0.35441893693565063,20,766,0,0
2,0,6,0.2607172540437698,29,534,0,0
2,0,9,0.3311311886045743,28,788,1,0
4,0,16,0.22314965010974697,8,517,0,1
1,0,4,0.2908800317671845,24,664,1,0
4,0,3,0.4172252113482624,3,512,0,0
1,0,16,0.4924966389821849,25,701,1,0
1,1,12,0.4729955694359208,19,728,0,0
3,1,11,0.47354637713849956,33,845,0,1
1,0,5,0.260889493938845,2,500,1,0
4,1,18,0.2875159522027164,15,818,0,0
2,1,19,0.3822541585475926,22,716,0,1
1,1,6,0.46887677122051374,10,533,1,0
3,1,18,0.15679770374083388,18,765,0,1
4,0,6,0.22169674553087831,22,627,0,1
1,1,4,0.15569873783764382,27,711,1,1
4,1,12,0.34480341198378217,13,762,1,1
3,1,19,0.22252039875501503,33,811,1,1
3,0,2,0.23044314100502938,5,579,1,1
4,0,17,0.12836638379519172,26,664,1,1
1,0,11,0.2399184247230368,13,751,0,0
2,0,11,0.4449986029606342,27,511,1,0
3,0,16,0.193229124756334,14,803,1,1
1,0,2,0.37807498648402627,24,711,0,0
1,0,2,0.3518513379754371,3,781,0,1
2,1,8,0.4453938433476462,30,611,0,0
3,1,13,0.1529151790604153,35,710,0,1
3,1,10,0.4910359841380173,14,738,0,0
1,0,8,0.33305145841614625,12,767,1,0
1,0,4,0.49818966093872574,28,797,0,0
2,0,15,0.46460589034634037,29,816,1,0
2,0,1,0.18860690884524234,17,557,0,0
3,0,11,0.12246480396132525,21,533,1,0
4,1,7,0.20225563751814463,23,762,0,1
3,1,17,0.31102545959976796,20,534,1,0
1,0,18,0.16863854682607599,11,770,1,0
3,0,12,0.1669838978071954,34,726,1,0
4,0,9,0.28503741884206124,10,524,1,1
2,0,5,0.11330718846774337,10,733,1,0
4,1,10,0.1487552330129082,6,558,1,1
4,0,4,0.26634453576317907,24,750,1,1
4,0,5,0.12525196368318658,12,834,1,1
2,0,10,0.25870202258221175,23,585,1,1
4,0,11,0.289602506379378,27,750,1,0
4,1,10,0.28050664562924577,6,679,0,1
4,0,8,0.44766994296123497,1,706,1,0
1,0,2,0.31202498202069295,6,843,1,1
4,1,8,0.28719218499121735,22,648,0,1
2,1,16,0.2642836981566665,24,570,1,1
4,1,5,0.42704935132179445,25,620,1,1
4,0,3,0.4580226415999332,15,752,0,0
2,0,12,0.44129698767884706,26,592,0,0
4,1,13,0.36941863125255636,8,755,1,1
2,1,13,0.15494469838746971,24,753,0,1
4,1,10,0.21074798779680493,6,787,1,1
2,1,4,0.11842522547279098,35,808,1,1
4,1,9,0.47232962999604566,1,558,1,1
4,1,2,0.3643194118763642,12,568,0,1
1,0,19,0.39854515372529664,11,585,1,0
1,0,1,0.22462869583289158,12,773,1,0
4,0,7,0.438261408910937,7,726,0,1
4,1,17,0.2038413134833914,11,580,1,1
3,1,3,0.10065750284497987,31,613,1,1
2,1,3,0.2505659850082776,33,683,1,0
3,1,3,0.3283045923836294,13,779,1,1
1,1,17,0.291481943186209,18,821,1,0
1,1,7,0.44483045703063884,24,817,1,0
1,0,14,0.1421621143824668,9,553,0,0
1,0,17,0.3215293762534902,31,696,1,0
4,1,18,0.305191739928363,10,792,1,1
1,0,13,0.2125571928688652,2,792,0,0
4,1,18,0.4288912450308042,15,790,1,1
4,0,4,0.40113946235288256,3,679,1,1
1,1,1,0.3931436749327324,31,721,0,0
1,1,18,0.4504769913078225,6,773,0,0
2,0,1,0.3891138402486085,3,743,0,0
3,0,13,0.1927365166858906,11,653,0,1
1,1,10,0.3822250846598765,15,803,0,1
2,1,11,0.22308112535593755,28,772,0,1
2,0,9,0.19686986013898822,10,634,0,0
3,0,9,0.12920143715985094,7,812,1,1
4,1,5,0.3976114321390707,15,507,1,1
1,0,1,0.38440038477992455,18,627,1,0
3,1,17,0.19379979106963752,18,555,0,0
1,1,2,0.39975160668966236,24,625,1,0
2,1,13,0.4671363532374212,2,658,0,1
2,1,9,0.14321158299663173,20,558,1,0
4,0,4,0.19305465535471,34,557,1,1
2,0,5,0.40010431763492627,26,639,1,0
2,0,11,0.20980266940283132,7,675,1,0
3,0,19,0.3498655897134867,30,607,0,1
1,0,3,0.1324656897854858,5,710,0,0
1,0,12,0.2808809916414155,11,573,1,0
3,0,19,0.39563656879718123,1,666,0,1
4,1,19,0.37460557721730103,34,803,0,1
1,0,13,0.42602884027032273,1,732,1,0
2,0,7,0.4509808506412676,19,826,0,0
1,1,15,0.40927340050350336,2,681,0,1
2,0,7,0.3686350971755704,21,621,0,0
4,0,8,0.11268899672641247,20,833,0,0
3,1,5,0.3139866693637776,23,702,1,1
1,0,14,0.11507908996594113,21,528,1,0
3,0,4,0.42322712684640906,24,701,0,0
1,0,10,0.22828980978398306,4,592,1,0
2,1,15,0.32497174964716835,12,828,1,1
3,0,18,0.21177812292756104,22,675,1,1
1,0,13,0.41300005775211746,20,829,0,0
2,1,8,0.45460101065676106,18,710,0,1
3,0,9,0.25945699768522557,1,683,1,0
3,1,16,0.44516895740439566,30,594,1,1
1,1,19,0.20683000298253296,33,772,0,0
1,0,16,0.31386436923020955,24,636,1,0
1,1,7,0.44350457193548165,14,736,0,0
2,1,14,0.23035253704631617,5,764,1,1
1,0,14,0.4816169060312343,11,634,0,0
3,1,4,0.14875180071255345,24,643,0,1
3,1,15,0.1073100278894025,31,518,0,0
1,0,3,0.46165414103127633,13,730,0,0
1,0,5,0.1274594664591489,16,633,1,0
4,0,1,0.4967556783789967,24,613,0,1
3,1,3,0.4805587447916425,13,638,1,1
2,0,15,0.15480836401452827,24,624,0,0
4,1,8,0.31503385027702635,26,703,0,1
1,1,4,0.17396811898685774,2,560,1,1
1,1,2,0.271262069212048,16,749,1,1
3,1,10,0.12457005170393308,1,797,1,0
1,1,4,0.18956983511863582,11,512,0,1
2,1,3,0.24530911855955984,35,754,0,0
3,1,2,0.27545900009842195,29,584,1,0
1,0,17,0.4909985032835573,17,519,0,0
3,0,13,0.42314625827359253,28,549,1,1
1,1,5,0.39496397772477854,29,663,0,0
1,1,9,0.3148165258967897,3,591,0,1
1,0,6,0.4359991042417374,10,587,0,0
2,1,5,0.23572913426228445,14,568,1,1
2,0,10,0.3835596451093265,12,536,0,0
3,0,8,0.49751359015126884,30,752,1,0
1,0,7,0.22585156357407954,32,751,1,0
1,1,7,0.36960701395358697,32,639,0,0
2,1,6,0.437725945660953,32,667,1,0
1,0,3,0.4663230333402689,26,553,1,0
2,0,19,0.3871730763760407,1,677,0,0
1,0,15,0.2134431693668545,2,796,1,0
3,0,4,0.2305128606275786,17,800,1,0
1,0,12,0.10830321284958569,30,605,0,0
1,1,6,0.40435439106860394,7,636,0,1
4,0,19,0.11709584242478055,27,689,0,1
2,1,4,0.44586094184109826,9,627,1,1
1,0,15,0.14746424578981554,22,841,1,0
1,1,9,0.1687506048543697,34,546,0,1
4,1,5,0.29061058833289494,1,504,1,1
4,1,13,0.3951521660674969,9,756,0,1
2,1,18,0.15560088207963108,20,799,0,0
4,1,5,0.2760284300265994,19,649,0,1
3,1,16,0.29314050976404193,4,793,1,1
4,0,19,0.18491425666743655,9,742,1,1
3,1,14,0.1462233506722527,22,774,0,1
2,0,16,0.4345683691942558,18,707,0,0
2,1,15,0.3009862599051062,12,614,1,0
2,1,4,0.10575249439366119,9,694,0,1
2,0,7,0.42119252052364153,6,842,1,0
2,1,16,0.4923175221658339,19,669,0,1
3,0,8,0.34237047816569893,7,581,0,0
3,0,17,0.3014833548336283,16,653,1,0
2,0,16,0.4513663452179847,5,640,1,0
4,0,10,0.4810067158738395,16,813,1,0
1,1,10,0.40181476636098423,1,645,1,0
2,1,2,0.27818117189371516,19,822,1,1
4,0,9,0.3368885597325762,17,621,0,1
1,1,17,0.38037414600719976,26,751,0,0
2,1,11,0.17770942840072057,22,842,1,1
2,0,10,0.2788804128865752,8,810,1,0
3,1,17,0.431928505886914,33,588,0,1
1,0,4,0.3618901393993772,2,557,0,0
1,0,16,0.26448162688474164,30,562,1,0
4,1,15,0.36534501360587257,20,846,1,1
3,1,5,0.14728896482898396,18,807,0,0
3,1,6,0.26059904422595054,10,779,1,1
3,0,17,0.4172514151852226,24,571,0,1
3,0,1,0.18820351485465922,4,508,0,1
1,1,19,0.1743846030229671,4,593,1,0
1,1,4,0.48032746396657255,13,838,0,0
2,1,17,0.1839590518344923,25,835,0,1
2,1,9,0.20436743186006723,13,651,0,0
3,0,2,0.48784637556173516,18,539,1,0
3,1,8,0.3938834281060103,24,561,0,1
3,0,15,0.37983861320941126,2,753,1,0
2,0,7,0.44117055354183254,33,568,0,1
4,1,6,0.14632923289471772,19,744,0,1
4,1,1,0.3823824946320029,9,669,0,1
2,1,15,0.30147544373129553,28,677,0,1
2,0,7,0.431660256113656,35,688,0,0
2,1,17,0.3032566874660777,10,759,1,1
2,1,2,0.3480965417075649,1,571,1,0
2,0,9,0.2910968505598144,21,516,0,0
2,1,9,0.29126356942233766,9,840,1,0
3,0,13,0.4071879912247326,15,556,1,0
3,1,6,0.3514265602589133,35,717,0,1
3,0,6,0.3533052806437642,5,606,1,0
3,1,3,0.2801129935326103,22,803,1,1
2,1,17,0.31244379853501103,23,672,1,0
4,0,17,0.3982870664819149,7,718,1,1
1,0,12,0.4303763676447673,23,746,0,0
2,1,16,0.37862456085761853,25,717,1,1
1,0,15,0.4696291955382733,27,530,0,0
4,0,13,0.42812963525888037,6,546,0,1
3,0,1,0.3247455159238074,34,633,1,0
4,0,17,0.3685624290574948,9,607,0,0
2,1,3,0.4705233107684784,33,571,1,0
3,1,15,0.34766721769722336,6,826,0,0
2,0,4,0.42992277919193234,31,607,1,0
3,0,4,0.37552420143599485,34,808,1,0
1,0,18,0.3207745444241866,29,771,0,0
1,0,17,0.19673527816614125,14,670,1,1
1,1,19,0.27039900778737125,15,615,1,0
4,1,11,0.4870971299334863,8,828,1,0
2,0,3,0.36310615330904006,26,573,1,1
4,0,8,0.3257581521355959,21,755,0,0
1,0,14,0.4731826502112909,28,580,0,0
2,1,1,0.33460471241497947,4,767,0,0
1,0,14,0.3104330073669612,16,627,1,0
4,1,2,0.4037243420600821,22,825,0,1
4,0,4,0.3850662475946178,12,734,1,0
4,1,19,0.1772640033633731,16,540,1,1
1,0,6,0.28852330982964847,29,680,1,0
2,1,1,0.2890061771278341,18,656,0,0
2,0,17,0.2512898060973379,10,558,0,0
1,0,8,0.30691739286090125,18,844,0,0
2,0,19,0.2652429590908577,1,748,0,0
1,1,1,0.17973819578847328,21,691,1,0
2,0,5,0.26494659490987243,1,523,0,0
3,1,16,0.12891077902927064,15,579,0,1
3,1,6,0.33031434510976465,4,633,0,1
4,0,8,0.4414618195764448,20,712,0,1
3,0,13,0.3901148337418221,10,847,1,0
3,0,16,0.2441576160216445,23,665,0,0
3,1,3,0.13482848223092328,34,847,0,1
1,0,19,0.1808597596901083,33,836,0,0
3,1,12,0.3181961361979343,34,570,1,0
3,1,16,0.18282283335321314,10,713,0,1
4,0,11,0.317589244513987,20,564,0,0
3,0,10,0.1926396099055596,1,720,0,0
3,0,4,0.4395695477904291,13,807,1,1
2,0,12,0.25890858913618386,1,785,1,1
4,0,2,0.19822025037779645,5,684,0,1
4,0,19,0.4249304720988246,16,706,0,1
4,1,5,0.23713558592218031,15,598,1,1
4,1,8,0.14459507513551279,28,741,1,1
4,1,7,0.32816379656145667,31,657,1,1
4,0,14,0.33262568177519547,23,597,1,1
1,1,3,0.38587827009429365,17,541,1,1
3,1,18,0.19608777328335425,34,638,0,1
4,1,16,0.27750853563689803,13,782,0,0
3,1,19,0.2129471676170625,14,726,0,0
3,1,19,0.13238149444627526,11,571,0,1
1,0,18,0.4506455308063567,28,742,1,0
4,0,16,0.3915479217953365,32,517,1,0
2,1,8,0.2205852237835203,35,576,1,1
1,1,1,0.33974919714879454,31,544,1,0
2,1,17,0.180505515253789,17,842,1,1
3,0,12,0.4560946487183084,9,639,0,0
3,0,11,0.14596253734476414,10,676,0,0
1,1,5,0.10153485820312036,8,721,0,0
1,0,12,0.30080327909567284,21,591,0,0
2,0,17,0.33325112938114776,13,521,0,1
4,1,6,0.3315861281183218,5,671,1,1
2,0,1,0.12180477097513052,6,591,1,0
1,0,5,0.225617522767373,30,691,1,0
2,1,14,0.2996795787365327,31,576,1,0
1,0,5,0.18663167425089636,17,780,1,0
2,0,1,0.44905035419435857,11,678,0,0
1,1,18,0.13484371578457363,20,737,0,1
1,0,16,0.29495377666881717,9,634,0,0
1,0,9,0.3765664230052609,2,779,1,0
4,1,19,0.20470044005379298,1,518,1,1
2,1,5,0.34969629479900727,4,582,1,1
2,1,2,0.43175406005694983,25,727,1,0
2,0,15,0.17613479003801902,3,764,0,1
1,1,7,0.46688823672994517,9,611,1,0
2,0,4,0.3214234130649432,22,750,0,1
2,1,1,0.21969280172042424,23,663,1,0
1,0,13,0.2723433101529083,12,667,0,0
3,1,7,0.2248767535145552,10,720,1,1
1,1,15,0.3900444639733265,34,803,1,0
2,1,14,0.4185202653660529,10,690,0,0
1,1,19,0.43317495692746444,30,824,0,0
3,0,18,0.49430729983429644,22,669,1,1
1,1,10,0.41651371699867346,6,544,0,0
2,1,9,0.34055362827542535,2,513,1,0
3,0,8,0.23568811935671352,30,730,1,0
4,1,10,0.31783817948429977,2,656,0,1
2,0,17,0.11642726911616218,32,633,1,0
3,1,2,0.39793003021196527,16,536,1,1
3,1,6,0.2783822180368407,12,552,0,1
4,1,5,0.10800929189287506,1,517,1,1
1,0,9,0.12500277660416434,8,537,1,1
1,1,5,0.2549865855287027,13,686,1,0
2,1,18,0.3333686076073741,15,695,1,1
4,1,9,0.2856815795808507,8,742,0,1
1,0,17,0.34768172691686194,10,799,0,0
4,0,17,0.2921177035165423,5,802,0,1
1,1,12,0.3646815381925387,19,534,1,0
3,0,7,0.18765042586832037,11,714,0,0
1,1,3,0.14513727487344857,20,718,0,1
4,1,10,0.338573581850264,20,815,0,0
3,1,2,0.29387580677452296,21,589,1,1
3,1,3,0.11074706161797412,18,807,0,1
3,1,16,0.2521927541972143,10,751,0,1
4,1,2,0.1424502341963982,34,507,1,1
2,1,10,0.31254273270107813,26,755,1,1
2,0,6,0.25831107186417235,30,707,1,1
2,0,11,0.3452607644412072,9,630,1,1
4,0,7,0.4222408875080953,31,723,1,1
3,0,15,0.21986747353659633,4,696,1,0
2,0,6,0.48484084166601105,6,641,0,0
4,0,9,0.3142538002350298,14,751,0,1
2,0,12,0.3473163195019152,4,595,1,1
1,1,19,0.37226894929029486,26,525,1,0
2,1,3,0.36669261194303593,17,610,0,0
2,1,15,0.30438829721802485,19,622,1,1
3,1,2,0.2715057164458734,6,685,1,1
4,0,2,0.12151278567095117,29,667,0,0
3,0,3,0.1088343381204719,11,550,1,1
3,1,6,0.24318447781310587,16,504,1,1
3,1,15,0.23346435625347706,30,576,0,1
3,0,10,0.2550780619356027,25,659,0,0
3,1,9,0.155347280355276,11,707,0,1
2,1,1,0.39526730821473743,7,756,0,1
3,1,16,0.44278576591049557,26,704,0,0
3,1,6,0.475485854149614,22,754,1,1
4,0,9,0.29694492140785034,25,510,1,0
1,1,4,0.3803462796501714,19,507,1,0
2,1,2,0.442220449374349,31,531,1,1
2,0,4,0.2673164444373944,26,527,1,0
2,0,1,0.22376511794817777,23,705,0,0
3,1,19,0.4746898223413961,13,727,1,1
3,0,10,0.30627062043082925,25,627,1,0
3,1,15,0.2989015546363512,2,754,1,1
4,1,19,0.1713664386253983,2,711,1,1
1,0,16,0.1432620058293427,16,738,1,0
3,1,4,0.4368427449934047,9,706,0,1
1,1,2,0.34565327047500727,28,817,1,0
4,1,13,0.23032983360777948,13,782,1,1
2,1,1,0.1766944869561066,35,744,1,0
3,0,17,0.32219891206785256,13,544,1,1
1,0,13,0.33356771570445415,31,604,1,0
1,1,4,0.18279744049802327,21,847,1,0
3,0,7,0.4405622991565896,32,780,0,0
2,1,17,0.13370574646234046,34,733,1,1
2,1,9,0.2424372340665687,8,688,0,1
2,1,4,0.3721537655050089,2,543,0,0
4,1,19,0.2096481455276803,32,724,1,1
1,1,1,0.43107007791250873,28,641,1,1
1,0,10,0.3959471306401614,1,635,1,0
1,1,4,0.4156091378192537,10,675,0,1
4,0,9,0.1476426143506865,4,641,1,1
1,0,13,0.15621885119821718,35,579,1,0
4,1,14,0.21458949509783345,10,581,1,1
2,1,10,0.30723086607902445,11,634,0,1
3,1,6,0.399206430679761,14,706,0,1
1,1,16,0.43461235630436146,12,843,1,0
1,1,6,0.3817341263828722,17,676,0,0
2,0,17,0.4714387526122553,16,742,1,1
3,1,10,0.3954974038463721,35,554,0,1
4,1,18,0.2225071548018459,2,640,1,1
3,0,18,0.20603251373542905,11,555,0,0
2,0,3,0.37847698012043596,3,514,1,0
2,1,15,0.17714822747584572,29,684,1,0
3,0,15,0.13708592432410796,18,813,0,0
4,1,4,0.3128891499424776,20,587,0,1
4,0,9,0.4286566279115821,14,596,0,1
1,0,19,0.14055193698794544,34,643,0,0
4,1,17,0.4167565295182917,31,507,0,1
3,0,11,0.42462880174061923,18,714,1,0
2,0,9,0.29290960003261746,30,672,1,0
1,0,10,0.12292412400419472,25,722,0,1
1,0,18,0.16983594049887457,19,539,1,0
2,0,13,0.382970510064773,8,681,1,0
4,0,8,0.38471117799637977,28,769,0,1
2,1,7,0.45934211006706616,8,686,1,1
4,1,17,0.33307445862183316,31,744,1,1
2,0,15,0.14964294708551096,3,808,0,0
3,1,15,0.14856596220198887,3,730,0,1
4,1,1,0.3884529429427295,22,654,1,1
3,1,14,0.17351386604316046,17,674,0,1
1,0,5,0.23135419984664216,17,835,1,0
2,1,11,0.2948848027687656,14,614,0,0
1,0,16,0.10990595103046048,9,810,0,0
1,1,2,0.19952761080797277,30,799,0,0
1,0,8,0.26315584340291204,21,517,0,0
1,0,11,0.2118545273972825,12,771,1,0
2,1,18,0.15454813098702636,32,511,0,0
1,1,3,0.391204903118479,11,800,0,0
2,0,1,0.425259062067194,20,691,1,0
2,1,11,0.20299159045748993,35,731,1,1
3,1,16,0.4097677978425214,11,592,1,1
4,1,18,0.25422142576052553,8,717,1,1
4,0,16,0.30267431634160114,4,777,0,1
2,0,10,0.44240042995726114,27,802,1,0
3,1,18,0.3999814727209632,30,528,0,1
2,1,6,0.42204674052647106,27,800,1,0
2,1,19,0.15473806663454273,21,576,0,1
2,0,4,0.1278877703334918,20,508,1,1
3,0,13,0.4573618916351948,4,523,0,0
4,1,14,0.25513370782843775,11,514,0,1
3,1,3,0.21515187122787235,13,663,1,1
1,1,10,0.3898785017047298,9,512,0,0
3,1,6,0.43456623863194266,4,846,0,1
3,1,1,0.4449958487593204,12,671,0,1
3,1,14,0.22639885645009095,9,826,0,1
3,0,8,0.4408849564806696,13,699,1,0
4,1,19,0.11637357774973817,26,575,0,1
1,0,14,0.11986459658388755,13,663,0,0
4,1,10,0.3494076780696618,28,560,1,1
4,1,17,0.1252425476462185,19,744,1,1
3,0,9,0.22984366740406462,24,654,1,0
2,0,6,0.3691023944987696,19,756,0,1
2,0,11,0.23490675842169054,13,743,0,0
4,0,7,0.17183991257603837,13,661,1,1
4,1,17,0.21254024874153665,28,567,0,1
3,0,1,0.28303013290017276,2,843,1,1
4,1,5,0.29015434214219293,10,776,0,1
3,0,9,0.4132000925388808,22,660,1,0
2,1,18,0.4000612917726051,13,758,0,0
2,1,2,0.2827271218224541,9,806,1,0
1,1,11,0.4382669396395086,33,834,0,0
2,1,6,0.14569485543655836,14,594,1,1
4,1,8,0.2021413400915606,20,745,0,1
2,1,4,0.4311905854009006,15,720,0,0
3,0,18,0.25119761545046126,32,622,0,1
2,1,11,0.49247262351753684,33,686,1,0
1,0,5,0.2865013126111342,17,761,0,0
2,0,15,0.41677424918550565,24,772,0,0
3,1,18,0.2609228165529488,30,559,0,1
3,0,2,0.26998140762497214,13,624,1,0
4,1,11,0.2531532589136734,16,836,0,1
2,0,13,0.3876302482043247,2,840,1,0
3,1,4,0.3190071536239978,17,550,0,1
1,0,7,0.4775112445473476,32,677,1,0
4,1,11,0.2003561266136419,8,638,1,1
1,1,4,0.14022509283337775,3,826,0,1
2,1,15,0.2573045940396861,12,669,1,0
2,1,1,0.3466850830587104,20,538,1,0
2,0,3,0.444319574766198,16,568,0,0
4,1,14,0.2384787546721311,14,735,1,1
3,0,6,0.3615147004497846,16,547,1,1
4,0,18,0.24007947240928762,33,556,1,1
1,0,1,0.34688783319778327,30,776,1,0
4,1,6,0.4539231788122604,12,837,0,1
1,0,6,0.1925430569037636,15,598,1,0
4,0,16,0.2616966568428157,18,514,1,1
3,0,5,0.4973060785718987,28,824,0,0
1,1,17,0.44742281129978434,23,678,0,0
2,1,10,0.32585594315848077,14,831,1,0
2,0,18,0.3066510367417101,30,561,0,0
4,1,7,0.21384015292187242,33,618,0,0
2,1,3,0.30688377107741177,15,536,0,0
1,0,13,0.43927259931197893,7,633,0,0
2,0,15,0.3740698053111122,15,525,0,1
3,1,19,0.21601761127119465,11,507,0,1
3,0,3,0.18058556842141318,29,503,0,1
4,1,4,0.20608341479873166,31,520,0,1
1,1,5,0.16790368055713062,25,648,0,0
3,1,1,0.1382562784094864,24,524,1,0
3,1,4,0.267654469776822,19,642,1,1
1,1,12,0.1453198417593071,2,744,1,1
2,1,10,0.16876502309084174,22,542,1,0
2,0,13,0.31892987373579446,20,792,1,0
4,0,14,0.1658397094798299,33,684,0,1
2,1,5,0.12555190697236115,8,541,0,1
1,1,4,0.2269555400111541,25,591,1,0
3,1,14,0.18812763944878702,9,816,1,1
2,0,10,0.3061220751977507,34,823,0,0
4,1,17,0.14094683383328374,23,552,1,1
2,0,10,0.40070831507319127,5,583,0,0
1,1,7,0.46249340777405545,25,533,1,0
4,1,16,0.3973740695824778,8,575,0,1
2,0,1,0.3131308149605577,16,696,1,0
4,0,17,0.44426712871555407,15,785,0,0
1,1,9,0.377967351912603,1,587,1,0
3,1,6,0.10422044898007594,22,734,1,1
1,1,19,0.25763606110980125,3,731,0,0
1,0,13,0.44038075976272006,14,506,0,0
1,0,3,0.23834354319010773,18,791,1,0
1,0,7,0.1140860694102094,18,537,1,0
3,0,9,0.3984718554209089,3,551,0,1
3,0,5,0.4208153081131475,10,642,0,0
4,0,10,0.1642374780173234,1,720,0,0
2,1,17,0.3149361987372725,27,739,1,1
3,1,12,0.17678217559829032,27,642,1,1
3,0,16,0.3876937676176587,11,848,0,1
2,1,3,0.20862018207099428,5,548,1,1
3,1,9,0.22648604902533204,7,776,1,1
1,0,15,0.4379883414560406,19,770,0,0
1,1,5,0.2905289408827617,29,513,1,1
2,0,13,0.36790178048729916,15,797,0,1
4,0,14,0.26094922028898704,35,514,0,1
4,1,15,0.2192027428775022,12,733,1,1
2,0,16,0.3501912241698646,30,562,1,0
2,0,13,0.1619430296315285,20,695,0,0
1,0,17,0.24919993422674522,3,526,0,0
4,0,8,0.18361481495436893,9,592,0,0
3,0,2,0.37831798677629824,26,604,1,0
1,0,5,0.4776835353384431,2,808,0,0
2,0,6,0.4982043872063465,23,551,0,0
4,0,12,0.2801107241766363,23,818,0,0
3,1,18,0.2010121558545778,21,680,0,0
3,1,1,0.27713174815372965,16,556,1,1
1,1,17,0.43890776398508957,9,619,1,0
4,0,11,0.18240227142081597,13,807,0,1
4,0,10,0.4808382606611695,28,542,1,0
2,1,19,0.2367463075192604,27,634,1,1
4,1,14,0.494321463780122,17,759,1,1
4,1,10,0.4354435550135849,1,696,0,1
1,0,15,0.4234282136589561,18,632,1,0
4,1,19,0.22716186950931344,9,754,1,1
3,1,4,0.1035108847791718,13,719,0,1
1,0,2,0.2528531635303951,15,835,0,0
1,1,9,0.22072374786507748,4,540,1,1
2,0,10,0.11495879616351892,33,754,1,0
4,0,11,0.30214610260237185,24,501,0,1
2,0,14,0.2612125245130946,10,694,0,0
3,1,7,0.35382258709660996,20,741,0,0
1,1,15,0.3484745288776333,11,648,0,0
1,0,19,0.14829865435867207,12,697,1,0
1,1,15,0.49078621845064907,18,798,0,1
3,1,8,0.1747725717765788,30,744,1,1
3,1,11,0.27810960990588185,20,837,1,1
2,1,9,0.295247017373494,25,607,1,1
2,0,15,0.42522511888564807,12,711,0,0
2,1,1,0.1396918384378587,21,655,0,0
4,0,1,0.2714577116834127,25,525,1,1
1,0,19,0.35140086809448157,11,581,1,0
1,1,3,0.18606224864962223,9,582,1,1
2,0,10,0.3509871595064291,25,630,1,0
1,1,8,0.4694659350198611,35,828,1,0
2,1,15,0.49900725246906996,32,599,0,1
4,0,10,0.11298043071627029,14,755,0,1
4,0,1,0.194235291297871,1,548,0,1
3,0,18,0.224122846316679,17,562,1,0
4,0,2,0.25965044017798644,25,810,1,0
2,1,19,0.19690286303390697,8,789,0,1
4,1,13,0.18139519782212501,5,604,0,1
3,1,1,0.48182153696700003,5,604,1,1
1,0,2,0.4674086411082071,35,824,0,0
2,0,16,0.118797000401247,19,514,0,0
1,0,15,0.23552520864193927,23,674,0,0
3,1,13,0.26205942147136263,9,758,1,0
3,0,16,0.19560581386637735,30,710,1,0
3,1,17,0.35154915879527027,16,758,0,1
1,0,7,0.3561522986576965,33,601,1,0
1,1,17,0.4402016913314388,2,759,0,1
1,1,7,0.3963477073540872,14,843,0,0
1,0,13,0.3170293307863823,1,658,1,0
3,0,5,0.361434708017768,26,544,1,1
3,1,17,0.20959551261720724,25,800,1,1
2,1,3,0.3372224759869431,16,750,0,0
2,0,7,0.2956909018999677,15,830,0,0
1,0,17,0.15333778692654818,26,664,0,0
4,1,7,0.1970177106331883,16,692,1,1
4,0,1,0.21667738028863442,14,508,0,0
3,1,17,0.4697238268210232,29,564,0,1
3,1,17,0.19215465575435578,24,781,0,0
3,0,11,0.21569756112786728,15,680,0,0
2,0,3,0.24774165203577292,19,781,1,0
2,0,15,0.36549709545015485,8,778,1,0
3,0,11,0.1472953569888562,34,529,1,0
3,0,16,0.4815780849975104,2,765,0,1
3,1,9,0.4462284880379058,27,827,0,1
4,1,1,0.3308864292035801,10,716,0,1
2,0,16,0.36961514696998277,35,819,1,0
4,0,9,0.1066641884976864,23,604,1,1
4,0,19,0.23557791013937948,8,683,1,1
3,1,12,0.41826409226457684,28,829,1,0
3,0,19,0.13099318951695438,23,647,1,0
1,0,9,0.2129255336842881,4,604,0,0
1,1,7,0.3341187313337245,14,546,1,1
4,1,14,0.20256521107957673,29,586,1,1
2,0,19,0.47359118965780767,1,808,1,0
3,0,19,0.15242345232171617,4,628,0,0
3,0,2,0.4189577431631114,32,757,1,0
4,1,9,0.3031794767625633,33,813,1,1
1,0,13,0.40013231032798247,26,646,1,0
2,0,15,0.22428613132457897,17,571,0,1
1,0,3,0.3057958409248155,23,639,0,0
1,1,11,0.4427341398892706,32,526,1,0
1,1,14,0.28675123964924176,15,528,1,0
1,0,8,0.24388794476410786,13,770,1,0
3,0,18,0.31446215450109444,2,673,1,0
3,1,19,0.3869451012145467,19,752,0,1
1,1,16,0.2774253381994011,24,559,1,0
2,1,2,0.47555079005690926,24,606,0,0
4,1,8,0.21797832961693683,11,719,1,1
2,1,6,0.2901854424676482,22,758,0,0
2,1,12,0.40277106373657656,15,645,0,1
2,1,15,0.37564843619830335,10,551,1,0
1,1,8,0.44545642096686244,27,559,0,0
3,1,4,0.49872367227244363,9,533,1,1
2,0,15,0.27074333151803587,28,595,0,1
1,0,17,0.14446035191332474,1,588,0,0
2,0,13,0.1121663523231872,17,815,1,0
2,1,18,0.3907507624559087,31,730,1,1
1,0,2,0.44960546852348626,10,774,0,0
3,1,13,0.18828503437776747,29,745,0,1
3,1,13,0.1633792148759624,18,610,1,1
4,0,15,0.1248820366102764,6,733,1,1
1,1,10,0.4290811686868826,12,777,1,1
4,0,3,0.22455277595703374,14,665,0,1
4,0,19,0.26067875710391064,10,627,1,1
4,0,3,0.30110007664384497,20,736,1,1
3,1,14,0.43578129368382035,15,790,0,0
1,0,8,0.360333288624594,31,606,1,0
4,1,4,0.3460258519431245,7,627,1,1
1,0,11,0.1702688399823643,10,694,1,0
1,0,11,0.3052759566839319,10,838,1,0
3,0,11,0.38615240687146213,28,642,0,0
4,1,2,0.4893043532121967,30,610,1,1
4,1,17,0.1805625236853409,3,589,1,1
1,1,9,0.10381734122689067,15,750,1,0
2,0,2,0.1301205734393879,21,779,1,0
3,0,15,0.2503409860727917,12,832,1,1
3,1,16,0.4282178590983948,4,723,1,1
3,1,4,0.10285683270729802,9,600,0,1
3,1,8,0.2826922371543361,28,631,0,1
4,1,9,0.2316922461365578,23,512,0,1
4,1,5,0.12099268403989104,22,597,1,1
2,1,16,0.2800945146690469,24,619,1,0
3,0,13,0.20189948293468754,26,792,1,0
3,1,7,0.2407539337388026,30,803,0,1
1,0,17,0.3822461219137172,33,698,1,0
4,0,3,0.30862039356438686,16,500,0,0
3,1,5,0.14985897159712536,22,559,1,0
2,1,19,0.4845658161694556,18,749,1,1
2,0,12,0.35436430628389537,7,639,0,0
4,1,7,0.40634737026501266,26,648,0,1
2,1,9,0.13168526000334835,8,543,0,1
2,0,6,0.11882335178400756,6,685,0,0
4,0,17,0.10777922014723247,30,607,0,1
3,0,16,0.1755176111093778,23,543,0,0
3,1,3,0.26576335908739807,32,577,1,1
2,0,4,0.4743304533611291,22,725,0,0
2,1,10,0.2828238637063105,9,661,1,1
3,0,5,0.21610204214901177,31,780,1,1
4,0,10,0.32477410140786533,7,752,1,1
2,0,12,0.1447738312539157,9,631,1,1
1,1,10,0.3438023564019933,13,643,1,0
4,1,13,0.3273727817322013,3,765,0,1
2,0,11,0.4167972133622839,35,608,0,0
2,0,16,0.49467504464680967,33,693,0,0
1,0,8,0.20034938868644422,21,534,1,0
1,1,8,0.30386258032150426,31,774,0,0
3,0,8,0.4635461625276015,34,686,1,0
4,1,13,0.41407595376913653,32,742,1,1
4,0,2,0.2949625212403231,35,763,1,0
3,0,12,0.47814865984591115,15,509,1,1
4,0,10,0.12289467740672376,32,665,0,1
4,0,12,0.47239944788503363,6,528,0,0
4,0,11,0.12020295695312262,21,770,0,1
4,0,15,0.31892189764587375,33,586,0,1
4,1,16,0.4561763792004343,32,522,0,1
1,0,17,0.20508837742452113,19,709,1,0
4,1,2,0.28889939957806343,33,545,0,0
1,0,18,0.22973155165478665,28,527,1,1
4,0,12,0.4808575668305406,31,525,1,1
3,1,19,0.4294582379012364,21,765,1,0
2,0,18,0.3836006045305519,34,674,0,1
1,1,17,0.3350507946460435,15,503,1,0
4,1,6,0.42823671572965927,14,810,1,1
3,0,15,0.25690681660941883,19,821,0,0
2,1,3,0.2790207420424248,15,566,1,0
1,1,6,0.3920006884323446,6,634,1,0
2,0,3,0.2431019053174857,9,554,1,0
3,1,1,0.12556037681934953,20,530,0,1
1,0,13,0.1297338435544286,34,573,1,0
2,0,14,0.14614512052228157,26,518,1,0
4,0,13,0.44787252933746513,18,655,0,1
1,0,4,0.2888905703024818,28,836,0,0
2,1,7,0.38515294773789466,9,655,1,1
3,0,10,0.2571637342419573,32,646,0,0
3,0,7,0.20348437896625382,6,586,0,0
1,1,15,0.23887686702488478,14,519,0,0
2,0,15,0.41767293812687345,28,768,0,0
1,0,4,0.3500864500125753,24,832,0,0
1,1,6,0.4750559119831609,13,542,0,1
2,1,5,0.37188191143073357,12,805,0,0
2,1,12,0.3280726527018776,19,527,1,1
4,1,1,0.34407840359433384,21,759,0,1
2,1,8,0.4769485757873658,27,521,0,1
3,1,1,0.41528037194668244,19,600,0,1
1,1,5,0.10961649494657513,24,538,1,0
1,0,6,0.3136558784542789,26,789,0,0
3,1,3,0.37533536461862593,28,799,0,1
2,1,15,0.399479391375662,18,669,1,1
3,1,5,0.18525684772557469,29,795,0,1
3,0,14,0.4468709417805409,17,629,1,1
4,0,18,0.4823372588700655,4,655,1,1
3,1,16,0.1946861223379479,29,573,0,1
1,1,6,0.45304618300689836,4,841,1,0
3,1,14,0.13879150500643817,10,589,0,1
1,0,8,0.12228273444609808,25,566,0,0
1,0,7,0.15168952004109976,31,735,1,0
1,1,8,0.1230964317868144,3,699,1,0
2,0,13,0.4380048948623104,2,831,0,0
4,1,6,0.12362005778330878,25,726,0,1
1,0,18,0.2086656765454622,6,847,1,0
1,0,2,0.14150253741434257,26,732,0,0
2,1,8,0.218168814525506,8,765,0,1
1,1,11,0.1362237870403682,35,585,0,0
3,1,1,0.36720130029720566,27,601,1,1
3,1,6,0.15333072653703006,25,713,0,1
4,0,16,0.4407383703355552,18,607,0,1
1,0,12,0.4268764202906564,1,664,0,0
2,0,11,0.10546467418824378,3,590,1,0
3,1,10,0.4582905422060458,4,691,1,1
2,0,3,0.11157772669734684,15,834,1,0
2,1,13,0.19585831398302267,8,585,0,1
3,0,3,0.11295565511039803,19,721,1,1
2,1,15,0.2343373948157264,26,600,0,0
3,1,16,0.30554661028530866,10,725,1,1
2,0,13,0.41865794760605524,14,559,0,0
3,1,17,0.23519262018793446,19,749,1,1
1,1,3,0.38219600986924673,30,547,0,0
4,0,11,0.17500178284759216,5,616,0,1
3,1,19,0.4002393826976506,31,726,1,1
3,1,11,0.19439864236369503,7,532,0,1
4,1,16,0.1574179023775072,19,543,1,1
3,0,3,0.1741635401496217,31,664,1,1
3,0,6,0.17282525155274214,24,844,0,0
2,1,14,0.3051451517507965,34,791,0,1
4,0,18,0.43791903247525843,23,836,1,0
1,1,17,0.13184203079700227,6,843,1,1
3,1,4,0.38278252739736907,27,786,1,1
4,1,15,0.3617385838611431,11,724,0,1
2,1,11,0.44900798073174497,5,785,1,0
1,1,3,0.1976590242027629,17,703,0,0
4,0,3,0.28004394347401185,7,671,0,1
1,1,16,0.47033094977740697,27,511,1,0
1,0,5,0.36399738005412685,15,806,1,0
1,0,10,0.2555073651446388,13,620,0,0
3,1,19,0.15256495314210738,11,743,0,1
3,1,4,0.20499400316023642,26,651,0,0
2,0,19,0.33248619099575333,22,651,0,0
2,0,11,0.3872671790242055,28,687,1,0
4,0,2,0.1497687547407574,24,512,0,0
2,1,10,0.3398389040176216,29,590,1,1
1,0,11,0.3201405115355004,9,699,1,1
1,1,16,0.30558217867628323,4,573,1,0
3,1,19,0.3760492470728032,18,755,0,1
1,1,11,0.4349798380333848,16,775,0,0
4,0,14,0.22919587327074736,33,827,1,1
1,1,2,0.4556048760443838,29,828,1,0
1,1,5,0.1642534450474203,10,570,1,0
4,1,5,0.16920954790046575,9,577,1,1
2,1,19,0.2067088254495696,31,783,0,1
2,1,12,0.14781234781883112,28,629,1,0
4,0,18,0.19212768987315104,3,542,0,0
3,1,4,0.14256470516113784,14,507,0,1
1,1,17,0.42870096679415615,25,512,0,0
4,0,10,0.15558759675464984,15,712,0,1
1,1,6,0.3989190230239428,2,610,1,0
3,0,14,0.11916554716533351,24,790,0,1
1,1,11,0.4794081310055661,14,522,1,0
4,0,11,0.3844640350111065,7,801,0,0
1,0,18,0.10271861943444471,24,753,1,0
2,1,18,0.4055426000800856,27,514,1,1
3,1,11,0.3056327683064741,30,629,1,1
3,1,12,0.4117460681340479,27,560,1,0
3,0,5,0.30899872355623537,15,614,1,0
4,0,9,0.35640994305414186,26,819,0,1
3,0,9,0.4145326621580162,1,807,1,1
2,1,10,0.2620432218351427,4,824,0,1
4,0,19,0.10108325992818085,29,566,1,1
2,0,1,0.4399785983780754,1,748,0,0
1,1,7,0.25235614504986503,22,674,0,0
1,0,4,0.2984170904066332,11,838,0,0
1,0,1,0.10310665686158749,10,501,1,0
1,1,15,0.2968368041400392,17,671,0,1
2,0,8,0.4945949606286918,26,833,1,0
4,1,12,0.21130706432750787,21,783,1,1
4,1,18,0.2581673080969512,13,553,0,1
3,1,15,0.37487599858747067,9,566,0,1
2,1,17,0.42591746700946354,11,601,1,1
1,1,14,0.26695664960244014,11,619,1,1
2,0,14,0.22386754816051702,6,690,1,0
3,0,18,0.4751303199940269,1,803,1,0
3,1,18,0.37085798666866776,6,546,1,1
2,1,16,0.14760852179725645,13,721,1,1
2,0,1,0.12757115125385945,22,520,0,0
2,1,11,0.2934199403161476,31,657,1,1
4,1,15,0.18803602641890899,22,847,1,1
1,1,12,0.2015939013505014,27,658,0,0
2,0,8,0.4510768715311393,14,734,0,0
2,0,6,0.13582640972652427,5,649,0,1
2,1,3,0.3861456460915559,32,756,1,0
3,1,13,0.20845690135223524,34,664,0,1
3,0,13,0.40413128856165514,7,576,0,1
4,0,2,0.38896455378541783,10,584,1,1
1,1,5,0.10295676057771722,17,545,1,0
4,1,17,0.30365416516863963,30,546,1,1
1,0,6,0.15572779295121855,21,712,1,1
3,0,2,0.4464908122314707,13,558,0,0
3,0,4,0.4486343531449627,1,553,1,0
3,1,11,0.26733832299750326,1,841,0,1
4,0,8,0.2777582473804322,33,511,1,1
2,1,12,0.22131317576181087,25,691,0,0
2,0,8,0.3866425195840124,26,505,1,0
3,0,11,0.24346454521058367,13,808,1,0
2,0,8,0.20711698980905352,28,643,1,0
2,0,8,0.27289242380180334,33,845,0,1
4,1,17,0.1365950073549835,30,760,0,1
1,1,16,0.39864128185768155,8,572,0,0
3,0,14,0.1050385605087148,1,673,1,0
3,1,11,0.3577940246082376,12,731,0,1
4,0,7,0.17314581070194895,5,769,1,1
4,0,16,0.19296161848576526,24,721,1,0
2,0,13,0.35425279945601595,6,551,1,0
3,0,15,0.4971773863131629,25,615,0,0
1,1,16,0.4110869956290203,1,525,1,0
4,0,9,0.1903358528893568,25,552,0,0
1,0,3,0.1704099020164535,1,528,1,0
1,1,19,0.4464931481070682,32,518,1,0
3,0,5,0.2776735791686017,3,802,1,0
3,0,10,0.1548211211312622,19,778,0,0
4,0,17,0.4448845693287753,29,616,0,1
3,1,15,0.42643694116570463,2,605,1,1
3,0,8,0.4935625455588655,9,808,0,0
3,1,15,0.4638974746850736,17,726,0,1
1,0,14,0.44071613546421673,17,685,1,0
4,0,7,0.12102975912440127,12,760,1,0
2,1,12,0.14176614779924723,20,515,0,1
1,0,17,0.32759327772164915,3,772,1,0
3,0,17,0.3125916985127284,4,659,1,0
1,1,10,0.2831852857958142,17,749,0,0
3,1,19,0.2587157301658337,15,723,0,1
3,1,14,0.27248419394573153,33,755,1,1
1,1,11,0.3277191736539181,16,679,0,0
4,1,2,0.1008306070400325,11,519,0,1
3,0,18,0.2042835096531409,20,611,1,0
4,1,7,0.30731188827548445,24,619,1,1
2,0,12,0.38888643946945856,16,693,1,0
3,0,2,0.16966267695815854,30,610,1,1
4,0,18,0.31875246951497316,34,709,0,1
4,1,6,0.38578387355431276,1,500,0,1
2,1,10,0.27785106316556185,24,557,1,0
4,0,15,0.11083245346802043,24,592,1,1
4,1,5,0.27970726338625473,9,720,1,1
2,1,3,0.21857795509766126,22,710,1,1
3,1,5,0.4718598430805313,12,731,0,1
4,1,8,0.14984535427133094,17,761,0,1
4,0,8,0.3609903822028929,25,602,1,1
4,0,8,0.12108790653380047,28,549,1,1
1,1,12,0.2784681751250786,15,609,0,0
2,0,8,0.32159179488803225,30,587,0,0
1,1,11,0.2191819725267462,27,519,0,1
2,1,14,0.28203025420815375,22,513,0,0
3,0,8,0.16542151781207495,10,632,1,0
3,0,10,0.22164953978721447,31,795,0,1
4,0,7,0.3484425299640812,27,533,0,1
2,1,17,0.22072002234446206,12,707,0,0
3,0,4,0.45989723136354865,31,800,1,1
2,1,13,0.3513627830563959,32,698,1,1
3,0,4,0.2754596073743938,32,579,0,0
1,0,5,0.11550277422167299,35,570,0,0
3,1,4,0.2998193340818685,21,654,1,0
1,1,18,0.40591049685003566,10,577,1,0
3,1,6,0.20622303920496546,16,577,0,1
4,1,2,0.42270942785950694,7,671,1,1
1,1,11,0.20072270642035261,4,788,0,0
3,1,14,0.4294985551803202,27,532,1,1
4,1,5,0.13410733664467098,25,799,0,1
1,1,6,0.44647348354761185,31,775,0,0
4,0,10,0.29967458037333217,11,506,1,1
2,1,8,0.21861503584810482,20,659,0,1
2,1,14,0.20604530016605951,17,739,1,0
1,0,3,0.27280422357214507,11,523,1,0
3,1,12,0.49961979924145805,30,713,1,1
1,0,16,0.18813095737503305,35,569,0,0
4,0,17,0.14128665955159986,22,715,0,0
3,1,1,0.33401406748746476,27,603,0,1
2,0,10,0.2954169865761028,35,714,1,0
3,1,10,0.30967850842532296,4,553,0,1
2,0,2,0.3667741670228869,16,793,0,0
3,0,9,0.20685762794825974,16,829,0,1
3,0,13,0.4642659981535554,21,835,0,1
3,1,16,0.27426882644891615,26,702,1,1
4,1,18,0.1516344780569847,19,787,0,1
4,0,19,0.3969195026935778,17,544,1,0
1,0,12,0.3572417410471401,26,816,1,0
1,1,8,0.22629736099361486,22,697,1,1
2,1,17,0.3486074896136194,28,715,1,0
4,0,15,0.18794478254759076,1,808,0,1
2,0,10,0.2779357437362118,2,831,0,1
1,1,15,0.45976500886693017,17,683,0,0
2,1,15,0.15341369326429977,21,526,1,0
1,1,7,0.2546785799949848,9,665,0,0
4,1,13,0.42845696988813897,13,817,1,1
3,1,17,0.48779635976247127,11,773,0,1
4,0,9,0.2815704545687184,16,602,0,0
2,1,8,0.30279984805733895,16,832,0,1
2,0,18,0.3288687847135079,2,603,1,1
4,1,13,0.47293925665348435,8,744,0,1
4,0,16,0.44328271639081196,13,804,1,1
1,1,9,0.16824044984865774,17,668,1,0
2,1,12,0.27470312713883005,24,615,1,1
2,0,12,0.2856001712785705,3,640,0,0
4,0,6,0.4156384446595027,30,624,0,1
3,1,19,0.3411571530421741,13,524,1,1
2,1,7,0.36168818481160525,19,693,1,1
3,1,3,0.4992799630662471,7,599,1,0
4,1,16,0.12998401738800525,9,504,1,1
4,1,18,0.1892039294134932,19,518,1,1
1,0,16,0.2631583749486187,22,669,0,0
2,0,7,0.2391129612195549,18,773,0,1
3,1,4,0.10865822453879344,23,753,0,1
1,0,8,0.13671104258847033,2,620,1,0
2,0,13,0.3723813165614305,11,531,1,0
1,0,13,0.4517297853450243,31,648,0,0
4,1,17,0.3056908045063911,33,765,0,1
2,0,17,0.31567643180545324,14,536,1,0
1,1,5,0.20203737313295178,16,676,1,1
1,0,6,0.4071505454534846,11,841,1,0
3,1,19,0.4007178349469026,33,512,0,1
1,0,13,0.33534627568706266,7,682,1,0
2,1,14,0.18506571460453713,31,644,1,0
2,1,4,0.1388072872948358,14,764,1,1
3,0,7,0.12569543034285036,28,587,0,1
2,1,8,0.33707842665715115,16,545,1,1
4,1,13,0.43001412765712,19,618,0,1
2,1,6,0.4433321727123699,17,518,1,0
2,1,6,0.28544882973737995,26,719,1,1
1,1,3,0.41370851972268674,6,732,0,0
1,1,3,0.47875207853640944,9,593,1,0
2,1,13,0.21006804499522722,17,750,0,0
3,1,2,0.2591841385523029,31,749,1,0
1,0,16,0.47259159703867226,12,781,0,0
3,0,6,0.23529238692691395,23,731,1,0
2,1,8,0.46555051612871856,5,545,0,0
2,1,8,0.49241794490178636,3,545,0,1
4,0,6,0.3647242914297699,24,513,1,1
1,0,14,0.4267561158016674,17,584,0,0
2,0,3,0.39981822568843406,26,818,1,1
4,1,10,0.37981370304620954,4,827,0,1
1,0,3,0.22277242919249304,12,502,1,0
2,1,12,0.12283773516317749,1,527,1,1
2,1,17,0.23722069300786025,21,656,1,1
1,0,5,0.36677439408156265,19,842,1,0
1,1,9,0.14101167929112057,21,832,0,0
1,1,7,0.10476719319129685,18,831,1,1
2,1,4,0.15587694904117547,3,674,1,0
2,1,13,0.38629437056431815,32,613,1,1
4,0,13,0.48911748066257765,10,830,1,1
3,0,10,0.49322587984592825,15,749,1,1
1,1,18,0.29759165965607515,5,558,0,0
2,1,17,0.447740920396939,4,702,1,1
2,0,13,0.39473058230060165,28,814,0,0
1,1,17,0.30041609479384135,4,738,0,0
3,0,4,0.32910421318203475,15,733,1,0
1,1,1,0.15489085864674845,17,802,1,1
3,1,1,0.4750645842466369,3,594,0,0
2,0,15,0.24077190829271072,10,640,0,0
3,0,13,0.2784597025828678,23,833,0,0
4,0,17,0.36866409239915954,18,612,1,1
2,0,8,0.23356098861062158,1,608,0,0
4,1,18,0.20170366439557222,35,844,0,0
1,0,13,0.3524197573080883,31,788,1,0
1,1,14,0.10999363291273978,1,596,0,0
1,0,8,0.38829004481067153,3,834,1,0
3,0,8,0.3056093479506039,3,515,0,1
2,1,15,0.3423014922083738,19,543,1,1
1,0,13,0.3527520636987541,29,729,0,0
1,0,7,0.3108200625970255,25,607,1,0
2,0,5,0.3330135109762944,33,716,1,0
1,0,17,0.37351528035594983,29,759,0,0
4,1,16,0.4012475388718697,26,811,1,1
2,1,2,0.3909809565144482,4,819,0,0
2,0,18,0.4478465830929047,14,695,1,0
2,0,17,0.1757773732669611,27,594,1,1
4,0,7,0.26045918779671906,33,555,1,0
2,1,13,0.47911842640578284,22,531,1,1
4,1,18,0.25863622975453193,3,730,1,1
2,1,14,0.14994803076236907,23,508,1,1
3,1,18,0.3101780505448718,21,690,1,1
1,0,13,0.14379638902178488,23,699,0,0
3,0,11,0.1811412954911461,4,833,0,0
1,0,16,0.49932750262838266,21,660,1,0
4,1,17,0.3165450553584528,31,586,1,1
3,0,8,0.21362335561617163,21,520,1,0
2,1,19,0.4979099818295625,26,810,0,1
1,1,15,0.48662356742205726,35,575,1,0
1,0,9,0.2762956164337054,24,640,0,0
3,0,10,0.20416124351516338,11,625,1,0
4,0,12,0.43535985523687604,29,750,1,1
3,1,1,0.38624828678871437,3,583,1,1
4,1,9,0.3747765740014042,1,547,1,1
4,0,15,0.45724549652898905,19,577,1,0
1,0,1,0.3757668535485299,22,529,0,0
3,1,12,0.21351917721661967,14,784,1,1
3,0,3,0.37754526475029293,14,635,0,0
4,1,11,0.2223254045134656,16,639,0,1
3,1,2,0.403695591862798,33,540,1,0
2,0,16,0.3478991417966264,13,781,1,0
2,0,9,0.13096462079390025,12,549,1,0
3,0,15,0.30513414497405683,33,757,0,0
3,0,12,0.23732038767829639,33,810,0,0
4,1,1,0.2314282530929177,29,769,0,1
2,1,13,0.3409025209509029,5,633,1,0
2,1,14,0.22892992978776996,6,733,0,0
1,0,8,0.41075749928194905,31,627,0,0
4,1,8,0.12831657440446978,16,603,0,1
1,0,12,0.36415530095833015,31,753,1,0
2,0,1,0.42367792146269656,25,594,0,0
4,0,11,0.369132675968172,33,836,0,0
3,0,8,0.2988916780079983,13,716,1,1
4,0,10,0.4801228054944725,10,560,1,1
3,0,19,0.21997539591922544,24,767,1,0
3,1,11,0.10766715500999112,10,740,0,0
4,0,7,0.27279574858537636,31,512,0,0
3,1,11,0.1132047743601309,13,646,0,0
1,1,17,0.48157470101056354,3,739,1,0
2,0,1,0.1839672182992206,34,588,0,0
3,0,8,0.41557080957955184,28,594,1,1
1,0,6,0.40982883326974595,19,814,1,0
3,1,18,0.1870915598731734,23,792,0,1
2,0,6,0.3484906121920669,32,524,0,0
1,1,5,0.11923158739458009,13,771,0,0
2,0,13,0.293429834281547,33,665,1,0
2,0,19,0.1058588509089947,34,749,1,0
1,1,8,0.46845755207233675,33,586,0,0
1,1,9,0.49043440967982865,5,641,1,0
1,0,17,0.18891310665543412,3,633,0,1
4,1,3,0.1832424138385491,7,778,0,1
1,1,19,0.4014880706248519,24,625,0,0
1,1,11,0.2013517595317338,22,815,1,1
1,1,17,0.458030623664738,23,640,1,0
1,1,19,0.3295716544491929,30,602,0,1
3,0,2,0.24031104920412485,18,725,0,0
4,0,8,0.43307749853976807,32,562,1,1
2,1,19,0.29736268016535805,7,793,0,1
1,0,7,0.4646531654833902,33,805,1,0
3,0,17,0.47120569469175244,5,753,0,0
3,1,6,0.16616806085136374,28,679,1,0
3,0,19,0.10092936245277212,8,539,0,1
2,1,6,0.4935723760569609,15,763,1,1
1,1,2,0.4624550144509918,4,688,0,0
4,0,6,0.12217809428153657,34,507,1,1
4,1,5,0.433213705576428,5,603,1,1
3,1,19,0.2831219730236827,33,724,1,1
2,1,4,0.2035846420099901,5,533,1,1
2,1,17,0.4514986094707719,34,735,0,0
2,1,11,0.17866689295612292,26,727,1,0
4,0,4,0.4789199997680268,1,687,1,1
3,0,13,0.18224859507973645,4,812,0,0
1,1,17,0.3454732750914974,26,521,1,0
4,1,9,0.18923453381158994,33,842,0,1
3,0,4,0.3182674659874539,33,539,1,0
3,1,14,0.37359005196605655,8,672,1,1
1,0,19,0.17609117232805505,20,678,1,0
1,1,3,0.3083543130802717,16,585,1,1
1,1,14,0.2876238977560476,21,632,1,1
2,1,8,0.1284149685613365,26,512,1,0
1,1,1,0.4273231270701212,23,527,0,1
3,1,10,0.2342729602571367,18,583,0,1
1,1,18,0.32983287902075187,31,817,1,0
